timestamp [ns],gaze x [px],gaze y [px],azimuth [deg],elevation [deg]
1760637382439464161,847.355712890625,856.5574340820312,0.18862682983007487,-18.74356669108075
1760637382444451161,847.355712890625,856.5625610351562,0.18862682983007487,-18.743894372388574
1760637382449451161,847.3556518554688,856.5662231445312,0.18861999964090487,-18.744128652521383
1760637382454454161,847.3556518554688,856.56884765625,0.18861999964090487,-18.74429708587607
1760637382459451161,847.3556518554688,856.57080078125,0.18861999964090487,-18.744422645072884
1760637382464450161,847.3556518554688,856.5723266601562,0.18861999964090487,-18.744520642353628
1760637382469450161,847.3556518554688,856.5734252929688,0.18861999964090487,-18.744589546633353
1760637382474450161,847.3556518554688,856.5743408203125,0.18861999964090487,-18.74464926363118
1760637382479450161,847.3556518554688,856.5750122070312,0.18861999964090487,-18.74469213733791
1760637382484450161,847.3556518554688,856.5755004882812,0.18861999964090487,-18.744722761408443
1760637382489449161,847.3556518554688,856.5758666992188,0.18861999964090487,-18.744745729444023
1760637382494452161,847.3556518554688,856.576171875,0.18861999964090487,-18.744765635077833
1760637382499449161,847.3556518554688,856.576416015625,0.18861999964090487,-18.74478094709448
1760637382504449161,847.3556518554688,856.5765991210938,0.18861999964090487,-18.74479319671382
1760637382509449161,847.3556518554688,856.5767211914062,0.18861999964090487,-18.744800852719983
1760637382514449161,847.3556518554688,856.5768432617188,0.18861999964090487,-18.744808508738828
1760637382519458161,847.3556518554688,856.576904296875,0.18861999964090487,-18.744813102336437
1760637382524448161,847.3556518554688,856.5769653320312,0.18861999964090487,-18.744816164743614
1760637382529448161,847.3556518554688,856.5770263671875,0.18861999964090487,-18.744820758340804
1760637382534573161,847.3556518554688,856.5770263671875,0.18861999964090487,-18.744820758340804
1760637382539577161,847.3556518554688,856.5770874023438,0.18861999964090487,-18.744823820747687
1760637382544573161,847.3556518554688,856.5770874023438,0.18861999964090487,-18.744823820747687
1760637382549573161,847.3556518554688,856.5770874023438,0.18861999964090487,-18.744823820747687
1760637382554572161,847.3556518554688,856.5770874023438,0.18861999964090487,-18.744823820747687
1760637382559572161,847.3556518554688,856.5771484375,0.18861999964090487,-18.744828414344457
1760637382564572161,847.3556518554688,856.5771484375,0.18861999964090487,-18.744828414344457
1760637382569572161,847.3556518554688,856.5771484375,0.18861999964090487,-18.744828414344457
1760637382574572161,847.3556518554688,856.5771484375,0.18861999964090487,-18.744828414344457
1760637382579572161,847.3556518554688,856.5771484375,0.18861999964090487,-18.744828414344457
1760637382584572161,847.3556518554688,856.5771484375,0.18861999964090487,-18.744828414344457
1760637382589579161,847.3556518554688,856.5771484375,0.18861999964090487,-18.744828414344457
1760637382594571161,847.3556518554688,856.5771484375,0.18861999964090487,-18.744828414344457
1760637382599571161,847.3556518554688,856.5771484375,0.18861999964090487,-18.744828414344457
1760637382604571161,847.3556518554688,856.5771484375,0.18861999964090487,-18.744828414344457
1760637382609571161,847.3556518554688,856.5771484375,0.18861999964090487,-18.744828414344457
1760637382614571161,847.3556518554688,856.5771484375,0.18861999964090487,-18.744828414344457
1760637382619570161,847.3556518554688,856.5771484375,0.18861999964090487,-18.744828414344457
1760637382624578161,847.3556518554688,856.5771484375,0.18861999964090487,-18.744828414344457
1760637382629570161,847.3556518554688,856.5771484375,0.18861999964090487,-18.744828414344457
1760637382634581161,847.3556518554688,856.5771484375,0.18861999964090487,-18.744828414344457
1760637382639570161,847.3556518554688,856.5771484375,0.18861999964090487,-18.744828414344457
1760637382644573161,847.3556518554688,856.5771484375,0.18861999964090487,-18.744828414344457
1760637382649576161,847.3556518554688,856.5771484375,0.18861999964090487,-18.744828414344457
1760637382654569161,847.3556518554688,856.5771484375,0.18861999964090487,-18.744828414344457
1760637382659569161,847.3556518554688,856.5771484375,0.18861999964090487,-18.744828414344457
1760637382664694161,847.3556518554688,856.5771484375,0.18861999964090487,-18.744828414344457
1760637382669694161,847.3556518554688,856.5771484375,0.18861999964090487,-18.744828414344457
1760637382674694161,847.3556518554688,856.5771484375,0.18861999964090487,-18.744828414344457
1760637382679694161,847.3556518554688,856.5771484375,0.18861999964090487,-18.744828414344457
1760637382684694161,847.3556518554688,856.5771484375,0.18861999964090487,-18.744828414344457
1760637382689693161,847.3556518554688,856.5771484375,0.18861999964090487,-18.744828414344457
1760637382694693161,847.3556518554688,856.5771484375,0.18861999964090487,-18.744828414344457
1760637382699693161,847.3556518554688,856.5771484375,0.18861999964090487,-18.744828414344457
1760637382704693161,847.3556518554688,856.5771484375,0.18861999964090487,-18.744828414344457
1760637382709693161,847.3556518554688,856.5771484375,0.18861999964090487,-18.744828414344457
1760637382714692161,847.3556518554688,856.5771484375,0.18861999964090487,-18.744828414344457
1760637382719693161,847.3556518554688,856.5771484375,0.18861999964090487,-18.744828414344457
1760637382724692161,847.3556518554688,856.5771484375,0.18861999964090487,-18.744828414344457
1760637382729700161,847.3556518554688,856.5771484375,0.18861999964090487,-18.744828414344457
1760637382734692161,847.3556518554688,856.5771484375,0.18861999964090487,-18.744828414344457
1760637382739692161,847.3556518554688,856.5771484375,0.18861999964090487,-18.744828414344457
1760637382744696161,847.3556518554688,856.5771484375,0.18861999964090487,-18.744828414344457
1760637382749701161,847.3556518554688,856.5771484375,0.18861999964090487,-18.744828414344457
1760637382754691161,847.3556518554688,856.5771484375,0.18861999964090487,-18.744828414344457
1760637382759691161,847.3556518554688,856.5771484375,0.18861999964090487,-18.744828414344457
1760637382764691161,847.3556518554688,856.5771484375,0.18861999964090487,-18.744828414344457
1760637382769691161,847.3556518554688,856.5771484375,0.18861999964090487,-18.744828414344457
1760637382774691161,847.3556518554688,856.5771484375,0.18861999964090487,-18.744828414344457
1760637382779690161,847.3556518554688,856.5771484375,0.18861999964090487,-18.744828414344457
1760637382784695161,847.3556518554688,856.5771484375,0.18861999964090487,-18.744828414344457
1760637382789691161,847.3556518554688,856.5771484375,0.18861999964090487,-18.744828414344457
1760637382794815161,847.3556518554688,856.5771484375,0.18861999964090487,-18.744828414344457
1760637382799815161,847.3556518554688,856.5771484375,0.18861999964090487,-18.744828414344457
1760637382804815161,847.447265625,856.2892456054688,0.19471935856972625,-18.726409017715056
1760637382809815161,854.3154296875,844.2561645507812,0.6513584857200987,-17.956154031589342
1760637382814814161,832.7169189453125,835.5093383789062,-0.7868471270528062,-17.395015113181206
1760637382819814161,804.377685546875,864.7805786132812,-2.687729754202375,-19.25970087891133
1760637382824814161,784.5418090820312,870.6995849609375,-4.0204294348660925,-19.62704766994077
1760637382829820161,759.3988037109375,903.809326171875,-5.752333181949546,-21.7187578805649
1760637382834814161,753.5101318359375,919.7009887695312,-6.177232420026869,-22.724857242539883
1760637382839814161,760.1688842773438,916.4708862304688,-5.720285934363846,-22.526203590125927
1760637382844814161,760.8756713867188,919.1068115234375,-5.676627365189125,-22.694820923432808
1760637382849813161,751.4981079101562,941.7714233398438,-6.355397904526652,-24.12736198637429
1760637382854813161,868.8268432617188,896.8482666015625,1.6422823305055487,-21.316744453982412
1760637382859813161,865.6066284179688,823.4160766601562,1.3967985015461204,-16.620124426236046
1760637382864813161,812.1409301757814,816.1724853515625,-2.147379828584326,-16.151322840259162
1760637382869813161,904.5730590820312,784.8538818359375,3.952334270073901,-14.135496612587822
1760637382874821161,863.1530151367188,778.76611328125,1.2223623003331647,-13.755335870480996
1760637382879812161,843.0102539062499,811.706787109375,-0.10268756846013896,-15.870508929393806
1760637382884812161,875.5894775390624,849.7003173828125,2.071955870812711,-18.301368508569073
1760637382889814161,745.7122192382812,873.8182983398438,-6.625210867309666,-19.79305292143754
1760637382894812161,793.7384033203125,817.9969482421875,-3.367033048295163,-16.261061702041903
1760637382899812161,797.9532470703125,805.49462890625,-3.080950574909179,-15.461663851261584
1760637382904821161,809.6057128906249,813.0150146484375,-2.3139681424409373,-15.948117851134915
1760637382909811161,807.3773803710938,815.4313354492188,-2.4625042663212042,-16.102245595997843
1760637382914816161,784.2789916992188,776.8755493164062,-3.9654669026150002,-13.619634721814336
1760637382919823161,749.2344360351562,739.319580078125,-6.234298650542326,-11.189316083424725
1760637382924949161,789.7246704101562,727.6187133789062,-3.5838095921730275,-10.455534847510865
1760637382929940161,785.6506958007812,685.8671875,-3.833726213903794,-7.764404570250972
1760637382934822161,835.3887939453125,735.4087524414062,-0.6021656420848314,-10.966544059885777
1760637382939936161,825.9466552734375,692.3187255859375,-1.2146491955273848,-8.188010346294194
1760637382944937161,827.6002807617188,633.32080078125,-1.1032214894077967,-4.377158166163541
1760637382949935161,810.5225830078124,594.4267578124999,-2.2070756819302377,-1.8606511990074621
1760637382954935161,805.5293579101562,612.1639404296875,-2.5311954788040225,-3.00762381986824
1760637382959935161,809.3713989257812,615.4176025390625,-2.282747347744809,-3.218308927277084
1760637382964939161,809.4038696289064,607.3189086914062,-2.280104064536014,-2.6945434800961134
1760637382969935161,817.7739257812499,598.01904296875,-1.7380124406796118,-2.0933521913430293
1760637382974934161,820.011474609375,596.2372436523438,-1.5931577887619814,-1.9781469073718208
1760637382979934161,825.9591674804688,598.2366943359375,-1.208303949788443,-2.107703748228145
1760637382984934161,827.8287353515625,600.3675537109375,-1.0873549599658572,-2.2456344091941487
1760637382989934161,821.0468139648438,631.9736328125,-1.5277860482157894,-4.289671748957789
1760637382994934161,829.4938354492186,634.891357421875,-0.9805786126710478,-4.478799535754472
1760637382999934161,826.3299560546875,642.4406127929688,-1.1860102123375214,-4.96667617381741
1760637383004933161,827.1422119140626,642.0957641601562,-1.133328963269213,-4.944433288318727
1760637383009933161,825.5252075195311,636.73876953125,-1.2378650085162581,-4.598030421373742
1760637383014933161,825.398193359375,628.2501831054688,-1.2456650845484127,-4.049170140180851
1760637383019933161,826.1389770507811,623.9707641601564,-1.1974917603323127,-3.7724622207672462
1760637383024933161,823.1293334960938,620.8717651367186,-1.3922750950827365,-3.571890242129368
1760637383029933161,818.9813232421875,609.4024047851562,-1.6603122086815467,-2.8298314988375175
1760637383034933161,814.0784301757811,579.1463012695312,-1.9766455899015174,-0.8720640885195723
1760637383039944161,817.4963989257811,576.3760375976562,-1.7555045551440145,-0.6928480837654769
1760637383044932161,824.83251953125,573.779052734375,-1.2808815399089986,-0.5248557170103085
1760637383049936161,827.5347290039062,572.4474487304688,-1.106049187724182,-0.43868713661516384
1760637383055057161,828.7287597656251,571.953369140625,-1.0287929180221678,-0.4067139974125389
1760637383060057161,830.5965576171875,570.0247192382812,-0.9079463810371322,-0.28188142894475954
1760637383065057161,833.2236938476562,563.7965698242188,-0.737970293352195,0.12128465944571785
1760637383070057161,832.8414306640625,554.7723999023438,-0.7627433894718312,0.7054833643786907
1760637383075056161,832.1513671875,552.9332275390626,-0.8074059964545446,0.8245445817297391
1760637383080056161,830.7723999023438,549.6044921875001,-0.8966697387174413,1.0400305446113047
1760637383085056161,832.80126953125,546.2703857421875,-0.7654139934373062,1.2558922452245838
1760637383090056161,831.9669189453125,545.061279296875,-0.819420299204597,1.3341602990819634
1760637383095056161,832.2628784179689,545.2282104492186,-0.8002616185827113,1.3233563743031143
1760637383100056161,829.2799682617189,547.6874389648438,-0.9932691041489315,1.1641219942176044
1760637383105056161,830.1658325195312,549.6375122070312,-0.9359160056883344,1.0378880512286028
1760637383110055161,836.4111938476561,550.317626953125,-0.53177371249868,0.9939002692813091
1760637383115055161,835.0346679687499,550.16845703125,-0.6208462094648163,1.003549784043485
1760637383120055161,835.1677856445314,548.37548828125,-0.6122470012997703,1.119627379003351
1760637383125055161,834.8058471679688,549.6498413085938,-0.6356608897745739,1.0371234909408122
1760637383130055161,834.0971679687501,556.0261840820311,-0.6814777987270195,0.6243202311370485
1760637383135055161,837.338623046875,557.8233032226561,-0.4717295195050979,0.5079850146048177
1760637383140054161,840.2726440429686,560.4013671875,-0.2818707511462535,0.34108591407732625
1760637383145054161,842.1909790039062,560.3604736328125,-0.15773889317044174,0.3437350758935581
1760637383150054161,845.1591186523438,561.0386352539062,0.034332856479486834,0.2998326152996805
1760637383155054161,849.5626831054688,558.2472534179688,0.3192951788415888,0.4805528454677958
1760637383160065161,853.9544677734375,562.8373413085938,0.6034856898274794,0.1833886243925018
1760637383165061161,855.6072998046876,562.2126464843751,0.710446452229879,0.2238323783822942
1760637383170054161,855.3317260742186,560.1016235351561,0.6926264886853157,0.3605000620205318
1760637383175053161,855.8736572265625,556.5902709960938,0.7277200006408413,0.587827736028453
1760637383180053161,853.7015991210938,554.0582885742188,0.5871683679003189,0.7517543475160615
1760637383185178161,853.7831420898436,556.1111450195311,0.5924344437503988,0.618848381572162
1760637383190178161,853.8809204101562,554.3126831054688,0.5987728593001705,0.7352841634438029
1760637383195182161,853.6959228515625,554.6510009765624,0.5867995376851383,0.7133809178290381
1760637383200177161,854.2138061523439,552.9700927734375,0.6203289363207308,0.8222059554714279
1760637383205177161,855.3275146484374,553.7599487304688,0.6923942622535353,0.7710677039696461
1760637383210177161,852.4063110351562,555.7994995117188,0.5033346260275824,0.6390253641378741
1760637383215177161,849.9027099609375,556.4277343750001,0.3413088785365399,0.5983520719949961
1760637383220177161,850.7543334960938,558.849853515625,0.3964148447602028,0.4415399876191117
1760637383225177161,851.1212158203126,559.5786743164062,0.4201497521259971,0.3943552504761568
1760637383230176161,851.4325561523438,562.4149169921875,0.4402919799883647,0.21073476578024355
1760637383235177161,852.0526733398438,562.6458129882812,0.4804193413621896,0.19578687811145845
1760637383240176161,852.3682861328124,562.9776000976561,0.5008416069805277,0.17430714090348015
1760637383245188161,855.492431640625,563.3016967773438,0.7030083762237351,0.1533276793587739
1760637383250188161,855.7693481445312,564.0374755859375,0.7209307926058486,0.10569421964421052
1760637383255176161,855.6651000976564,563.9953613281251,0.714182565705876,0.10842054692220875
1760637383260176161,855.3995971679689,565.2957763671875,0.696997809754124,0.024232840479846064
1760637383265175161,855.5430297851564,565.983154296875,0.7062800368361712,-0.020266755476817288
1760637383270181161,856.5936889648438,566.3475952148439,0.7742677398344782,-0.043858227399072955
1760637383275175161,854.5418701171876,566.533447265625,0.6414888623694303,-0.05589332963659636
1760637383280175161,853.3709716796874,566.6152954101562,0.5657215739064788,-0.06119370777079866
1760637383285175161,854.7935180664062,569.1248168945311,0.6577788635399107,-0.22365224933090705
1760637383290175161,852.8587036132812,581.32080078125,0.5326224771885971,-1.0131513250578204
1760637383295175161,852.0941162109375,583.43603515625,0.48315824721936473,-1.1500717627551842
1760637383300185161,851.9980468749999,584.4279174804689,0.4769427750746531,-1.2142748677485127
1760637383305174161,850.7908935546874,585.7532348632812,0.3988327317263873,-1.3000626640732524
1760637383310174161,850.2791748046875,581.94775390625,0.36569265387348543,-1.0537406134830103
1760637383315301161,846.3456420898436,576.6704711914062,0.11111784312877018,-0.7121341264657848
1760637383320310161,843.8284912109374,573.29931640625,-0.05176850819769391,-0.49390180859914695
1760637383325299161,842.6813354492188,550.757568359375,-0.1260058342865625,0.9654430613862952
1760637383330299161,839.7929077148439,524.2079467773438,-0.3130164137615116,2.6842710058319836
1760637383335298161,831.6463012695312,517.397705078125,-0.8406826780908467,3.124970906416564
1760637383340298161,827.56494140625,499.91778564453125,-1.1057281688331915,4.256175991677845
1760637383345298161,825.7978515625,501.037872314453,-1.2202021393226052,4.1836078220734345
1760637383350298161,827.5169677734375,504.02078247070324,-1.108651489797957,3.990643054840095
1760637383355298161,828.9417724609375,512.212158203125,-1.016013634085074,3.4605378320239955
1760637383360297161,827.7416992187501,516.3760375976561,-1.093590922678079,3.1909859110727576
1760637383365297161,828.2410278320312,519.1588745117188,-1.0611611844988582,3.0108746238041735
1760637383370297161,829.7053222656251,522.2860717773438,-0.9662488757923611,2.8084917757713606
1760637383375297161,832.6522216796875,528.1094360351562,-0.7753109375446546,2.4315906500432325
1760637383380297161,836.0599975585938,529.0900878906251,-0.5546753367857328,2.368163692714778
1760637383385301161,835.9534301757811,530.2996215820312,-0.5615601674691056,2.289859747914939
1760637383390304161,835.7116088867188,530.4570312500001,-0.5772149610467748,2.279665756303293
1760637383395296161,839.0017700195311,531.4000244140626,-0.3642018514015872,2.2186587436006575
1760637383400296161,838.8935546875,533.8702392578125,-0.37119596511168024,2.058736269914339
1760637383405296161,837.8102416992186,532.381103515625,-0.4413351776985412,2.1551310424544785
1760637383410302161,838.3668823242188,531.3481445312499,-0.4053059298267239,2.2220104242280936
1760637383415296161,838.3820800781249,532.4166870117188,-0.40431555239707206,2.152833892164277
1760637383420300161,839.3941040039061,533.8777465820314,-0.3387935476891397,2.0582551182027395
1760637383425305161,842.6881103515624,535.76318359375,-0.12555504180134167,1.936215092110863
1760637383430295161,848.0209350585938,546.3251342773438,0.21958124714857266,1.2524222629971995
1760637383435295161,847.36669921875,546.7059936523438,0.17723407429449362,1.2277635107834786
1760637383440295161,847.5250244140625,545.5079956054686,0.18749301842785276,1.3053259853219048
1760637383445420161,848.7960815429688,551.4573974609375,0.26971483565646626,0.920143998969211
1760637383450425161,850.7587890625,551.69482421875,0.3967358636511934,0.9047725314501627
1760637383455420161,852.3251342773439,553.1356811523436,0.4980958709341826,0.8114870035172633
1760637383460429161,853.9463500976562,552.8743896484375,0.6030212369639185,0.8284023335027644
1760637383465419161,853.0172729492188,551.7653198242188,0.5429019118894662,0.9002071016752206
1760637383470419161,848.4063720703125,554.6559448242188,0.24448411686243915,0.7130611512721152
1760637383475419161,848.0032348632812,553.7087402343751,0.21839962442216046,0.7743853355055315
1760637383480419161,850.0925903320314,556.3217163085936,0.35359638885339284,0.6052159731490216
1760637383485419161,851.6483154296875,559.4476318359375,0.4542597168410408,0.4028392915944413
1760637383490418161,852.8629760742188,557.979736328125,0.5328751941878875,0.4978730116313711
1760637383495418161,858.8778076171875,556.358642578125,0.9221345051760842,0.602820373003437
1760637383500418161,863.3729248046874,558.7050170898438,1.2130186015485873,0.4509124605133551
1760637383505418161,864.4172973632812,559.6983642578125,1.2805896630075233,0.3866048488329043
1760637383510418161,864.8249511718751,561.4082641601561,1.3069610233929427,0.2759115746439664
1760637383515418161,865.7206420898439,561.53369140625,1.364922008689671,0.26779224545402075
1760637383520430161,862.0814819335938,547.3453369140625,1.1296083314043917,1.1863337552972295
1760637383525417161,865.7581787109375,548.3820190429688,1.3675516315201257,1.119194976463556
1760637383530417161,863.1691284179688,543.1942138671875,1.200102713828093,1.4550687225188594
1760637383535417161,858.7288818359376,540.7717895507812,0.9127429950673167,1.6119321743239323
1760637383540417161,863.0670166015625,543.3809814453125,1.1934842605223508,1.4429783255356048
1760637383545417161,869.2078247070312,548.8770751953125,1.5908100249203325,1.0871189892965973
1760637383550417161,879.7514648437501,548.0439453125,2.2732347154638166,1.1409296092984298
1760637383555417161,907.0863647460938,533.5620727539062,4.043442163412701,2.07711828891421
1760637383560416161,908.4450683593751,505.43768310546875,4.135820471937124,3.8959705658114343
1760637383565416161,920.5821533203125,478.48529052734375,4.930028038437037,5.636267408073133
1760637383570416161,922.649169921875,456.872314453125,5.0727585015227925,7.031848980631469
1760637383575541161,926.6567993164064,445.027587890625,5.33899927536989,7.795405947523177
1760637383580424161,924.0231323242189,397.3773193359375,5.196460057580894,10.869858319735345
1760637383585541161,923.5554809570311,396.33639526367176,5.1666121309079385,10.937142915967412
1760637383590540161,926.0877685546875,394.38250732421875,5.33369221838479,11.061989257217284
1760637383595540161,929.3428344726562,394.2393798828125,5.546759969543338,11.06976909201584
1760637383600541161,932.8973999023438,399.2220153808594,5.775373231252835,10.747101145024521
1760637383605553161,934.8760375976562,399.9889831542969,5.904122297107575,10.696768352349954
1760637383610540161,937.8994140625,396.0773010253906,6.10497767003014,10.947313481775746
1760637383615551161,945.6145019531251,398.0582580566406,6.607700083510588,10.8157806286036
1760637383620540161,948.1014404296875,395.4698181152344,6.772649151966396,10.98109865258516
1760637383625546161,950.5455322265625,390.8208312988281,6.936942522261883,11.278977333571218
1760637383630539161,951.6526489257811,386.02398681640636,7.014185131585557,11.587021047962898
1760637383635539161,952.1019287109375,384.4250488281251,7.045235171552435,11.689631577500313
1760637383640539161,951.1693725585938,384.46246337890636,6.984132299237501,11.68779074121645
1760637383645539161,951.4712524414061,386.9456787109375,7.001378526891783,11.527820711825417
1760637383650539161,953.0524291992186,390.0067443847655,7.101768647312631,11.329894474236996
1760637383655538161,952.4086303710938,389.3069763183594,7.060350380185674,11.37530908186317
1760637383660538161,953.7191162109375,391.6622009277344,7.143726499384019,11.222964671102678
1760637383665538161,956.8799438476562,390.9478759765625,7.351213985990666,11.26701762069112
1760637383670538161,961.4283447265626,394.21319580078114,7.645260459948886,11.054112504718418
1760637383675543161,967.326171875,402.44015502929676,8.021959053053429,10.52116404531067
1760637383680538161,971.5245361328124,407.60040283203136,8.29058356292086,10.186587640031586
1760637383685538161,972.3916625976562,413.1944580078125,8.341366019399905,9.826199107889906
1760637383690537161,970.5419311523438,418.9293518066406,8.21512363297056,9.458310720724027
1760637383695537161,969.2161865234375,419.9377746582031,8.127779173864436,9.394176197529747
1760637383700542161,970.0228881835936,426.1319580078125,8.174579630057364,8.995051548082863
1760637383705662161,967.4647827148438,425.3080749511719,8.008756297387794,9.049478873322716
1760637383710662161,967.1673583984376,432.66845703125,7.982979163460166,8.575750585626173
1760637383715661161,968.0072631835938,447.1857910156251,8.025961543907057,7.640394909699185
1760637383720661161,967.716796875,454.8781433105469,8.001475315732561,7.144979188038636
1760637383725661161,969.9138793945312,464.45367431640625,8.137553174566724,6.527125135807504
1760637383730661161,969.1862792968751,465.49444580078136,8.089680378674105,6.46034776738453
1760637383735661161,967.0890502929688,467.004638671875,7.952673614112819,6.363828889846488
1760637383740665161,966.0526733398438,467.6600341796874,7.885047911140523,6.321975312427577
1760637383745661161,966.6011352539062,468.4671325683594,7.9201277627177085,6.2697532786187855
1760637383750660161,966.5352172851562,469.8712463378906,7.914998290651029,6.179278601274174
1760637383755660161,962.4293212890626,472.0514221191406,7.6474461204832895,6.040186026244999
1760637383760665161,961.9780273437501,473.37548828125,7.617427439081084,5.9549709457122555
1760637383765660161,962.2680053710938,479.1583557128906,7.633089062847922,5.58200222386044
1760637383770668161,956.7438354492188,495.4667968750001,7.26757148941469,4.531614609872613
1760637383775660161,953.0358276367189,494.905029296875,7.027647434439652,4.56874662057446
1760637383780660161,951.74365234375,494.93109130859375,6.943943466161146,4.567366493473428
1760637383785660161,950.80908203125,495.82394409179676,6.883059159899652,4.509956799861899
1760637383790659161,946.5065307617188,501.51092529296875,6.602345215201298,4.1437700506729715
1760637383795659161,944.8595581054688,505.5723876953125,6.494373584801737,3.881854059777727
1760637383800659161,943.6266479492188,509.64129638671875,6.413319729921195,3.6193271900193533
1760637383805659161,943.9017333984374,510.1783447265625,6.430968938736508,3.5846004819045305
1760637383810660161,942.795166015625,510.656982421875,6.359197310938014,3.5538728625619775
1760637383815658161,942.5342407226562,509.86102294921875,6.342538479552354,3.6053186146146383
1760637383820658161,944.2948608398436,509.305389404297,6.456670940583266,3.640906068138954
1760637383825658161,947.4732055664062,511.5850524902345,6.661740540223729,3.4931732051327122
1760637383830663161,948.7553100585938,515.3147583007814,6.743661829128862,3.252159318111282
1760637383835783161,950.4834594726562,513.910888671875,6.855895497570511,3.3425159001797495
1760637383840666161,949.2123413085939,516.6970825195312,6.772860887830666,3.1628417154410884
1760637383845668161,945.7255859375,530.41064453125,6.5441246827161095,2.2777783625464063
1760637383850782161,943.2568359375001,530.8939208984375,6.384339237272831,2.2468142206801254
1760637383855797161,939.4473266601561,531.6870727539064,6.137762578046201,2.1959438994681837
1760637383860789161,940.4637451171874,531.5252075195312,6.2035441299425935,2.206305888799375
1760637383865782161,942.6047973632812,534.1192626953125,6.341595913446891,2.0385509070139225
1760637383870782161,938.666748046875,534.7171630859375,6.086768385702886,2.0002619137299305
1760637383875781161,937.21142578125,535.4837646484374,5.99250494496754,1.9508516558000069
1760637383880782161,931.1308593750001,538.219970703125,5.5987718600729846,1.7744822933765563
1760637383885781161,932.3162841796876,540.6085815429688,5.675153865561238,1.6200447145429282
1760637383890781161,929.903564453125,540.2955322265624,5.519118193972296,1.6404186815416346
1760637383895781161,928.3129882812499,541.270263671875,5.4161052809101635,1.5775100446232126
1760637383900781161,926.3934326171874,541.8412475585938,5.291864139907632,1.5407061674977407
1760637383905785161,920.7489013671875,546.2202758789064,4.9262782645827,1.257867562271165
1760637383910781161,913.5241699218749,548.26904296875,4.458710834760306,1.125629749306852
1760637383915780161,907.3041381835938,550.0565795898438,4.056153145458095,1.0101781372925789
1760637383920780161,899.5329589843751,558.2003784179688,3.5529867696815955,0.48345640636608483
1760637383925780161,896.2609252929689,556.2222290039062,3.3413328676812406,0.6114663871180661
1760637383930780161,893.2366333007814,553.9464111328125,3.1457094196629054,0.7587553397551122
1760637383935780161,893.7523193359375,553.9806518554686,3.1790817239475877,0.7565337777757266
1760637383940780161,891.1892700195314,555.7346191406251,3.013169598818808,0.6430607736224839
1760637383945779161,889.67529296875,556.4193725585939,2.915176874796635,0.5987603859000287
1760637383950779161,890.0625,556.2296142578124,2.9402436690505818,0.6110374210642493
1760637383955779161,888.5465698242188,557.05810546875,2.8421211714341785,0.5574327362332346
1760637383960779161,887.0873413085939,557.9887084960939,2.7476733155912423,0.49721583535669517
1760637383965904161,882.5687255859375,560.4354858398438,2.455225105898806,0.33887504237250327
1760637383970904161,881.2227172851562,562.9937744140625,2.3680923826569535,0.17329766517760392
1760637383975903161,881.5222778320311,563.7125244140625,2.38746962933228,0.12677962188755038
1760637383980903161,875.5875854492186,568.3443603515625,2.003408092302463,-0.17303854734370805
1760637383985916161,874.5480346679689,570.0187988281249,1.9361443893561772,-0.2814253211774944
1760637383990907161,872.3425903320311,568.5436401367188,1.7934207564595908,-0.18595794987767486
1760637383995903161,871.0112304687501,569.6193237304688,1.70726475026905,-0.25559392169284006
1760637384000911161,868.6118774414062,570.9313354492188,1.55200089005632,-0.34053588184287603
1760637384005902161,867.6755981445312,571.5753784179688,1.491417112118307,-0.3822313270254787
1760637384010902161,866.9462890625001,572.793212890625,1.4442273351426889,-0.4610672635040111
1760637384015902161,864.0454711914062,571.7998657226562,1.2564995858048884,-0.3967859753380572
1760637384020902161,864.40869140625,573.1685791015625,1.2800090969280724,-0.4853830671528024
1760637384025910161,862.1744995117189,569.81884765625,1.1354208223880724,-0.2685575558445653
1760637384030902161,860.3937377929688,569.7916259765625,1.0201818707116173,-0.2668025657141389
1760637384035902161,856.5958251953125,566.95654296875,0.7744043436178785,-0.08328014757076566
1760637384040902161,855.3043212890625,563.8809814453125,0.6908369791227724,0.11582502739597293
1760637384045901161,857.6776733398438,565.3150024414062,0.8444206127996792,0.022991590234341917
1760637384050901161,854.625,564.76904296875,0.6468710514354004,0.05833197386553867
1760637384055906161,850.4979248046874,564.9874267578125,0.37980382469873175,0.044190020763768253
1760637384060909161,846.4429321289062,564.6194458007812,0.11740161716518191,0.06801083362709913
1760637384065901161,845.7477416992188,566.5655517578125,0.07241799129147794,-0.05797864166860293
1760637384070912161,847.3654174804688,568.783935546875,0.17709747051109334,-0.20159294601067101
1760637384075900161,851.3805541992188,568.949951171875,0.4369178665383784,-0.21233753882541848
1760637384080900161,850.0531616210938,571.2214355468751,0.35102140753629807,-0.3593886135095971
1760637384085900161,847.2433471679688,570.9008178710936,0.16920177183055862,-0.33863439889460606
1760637384090903161,846.42431640625,574.3094482421876,0.11620633406042968,-0.5592951368854395
1760637384095900161,843.5734252929688,580.7774047851562,-0.06827024523244471,-0.9779797218545697
1760637384101025161,842.1575317382812,584.5647583007812,-0.15989040275899574,-1.2231257379602394
1760637384106033161,836.3843383789062,589.3626098632814,-0.5335085805478632,-1.5336201508986638
1760637384111027161,842.5477294921874,591.2586669921875,-0.1346323632082886,-1.6563877757581382
1760637384116024161,843.237060546875,591.2860107421875,-0.09001756754976531,-1.6581611456069807
1760637384121024161,846.9984130859375,603.3933715820312,0.15351282730703933,-2.4417131507165943
1760637384126024161,847.8116455078125,606.4305419921875,0.20619407637534767,-2.638242495576114
1760637384131024161,844.7907104492188,610.67041015625,0.0106389302487126,-2.9125650860673993
1760637384136024161,839.3195190429686,606.3470458984375,-0.34360883105399875,-2.6327786364086303
1760637384141023161,825.0364990234376,601.5020751953125,-1.2681022559719046,-2.3189605794900965
1760637384146023161,811.8558959960938,588.9043579101562,-2.120632807794556,-1.5034144250650996
1760637384151023161,776.011962890625,566.4083251953126,-4.438034030909843,-0.047417183966157635
1760637384156023161,764.6182250976562,524.10205078125,-5.177996235021514,2.686592851617671
1760637384161023161,758.3778686523438,508.66510009765625,-5.584699849149923,3.683047919660185
1760637384166023161,751.41357421875,498.8664855957031,-6.03791705152612,4.314511493270711
1760637384171022161,751.8284301757812,479.01556396484375,-6.0179933897171916,5.596010947900986
1760637384176022161,753.8524780273438,479.7510986328126,-5.886594210464486,5.549078784901474
1760637384181027161,755.2349243164062,478.3055725097656,-5.797583185200881,5.64275182702263
1760637384186022161,754.775634765625,478.6632995605469,-5.827198885442056,5.619539156389264
1760637384191022161,752.6646728515625,479.58392333984375,-5.96359776316721,5.559553518962621
1760637384196022161,752.904296875,480.179718017578,-5.9478473469411615,5.521161990522241
1760637384201022161,753.3936767578125,480.041015625,-5.916203080516492,5.530244217063898
1760637384206021161,753.5242309570312,479.3072204589844,-5.908027344079986,5.577642602942813
1760637384211021161,755.6827392578125,477.4870300292969,-5.768882730308487,5.695708444630886
1760637384216021161,757.2273559570312,475.57568359375,-5.669523968452311,5.819502298583626
1760637384221021161,759.6842041015625,473.7383728027345,-5.510988447627145,5.938767158568255
1760637384226155161,760.2652587890625,471.6762390136719,-5.4741122562982465,6.072049901350179
1760637384231147161,762.93505859375,466.700439453125,-5.302927225130217,6.394007267472577
1760637384236145161,762.1641235351562,466.89471435546875,-5.352849077773841,6.381251246610574
1760637384241145161,765.5972290039062,474.1343688964844,-5.1275347974334595,5.914717402326213
1760637384246145161,763.2481689453125,482.0033264160156,-5.277095449689229,5.4059938915157515
1760637384251145161,763.740966796875,483.4026794433594,-5.244706692645028,5.315735275599166
1760637384256145161,767.1467895507812,484.1101379394531,-5.023832035265156,5.270795254599119
1760637384261145161,769.0233154296875,486.1603088378906,-4.901646781202798,5.1387561320471935
1760637384266144161,769.4940795898438,487.5810546875,-4.87074017520849,5.047068646780095
1760637384271146161,771.2683715820312,488.65985107421886,-4.755501223532035,4.977720766700784
1760637384276144161,773.1807861328125,490.16412353515625,-4.631219101394483,4.880886914006399
1760637384281144161,775.0482788085938,489.2632141113281,-4.510475017246998,4.939444012596702
1760637384286144161,776.3594970703125,490.4047546386719,-4.425241086594409,4.865910907350065
1760637384291144161,776.2257080078125,492.19805908203125,-4.433471464544274,4.749995949644078
1760637384296144161,777.5884399414062,496.7248229980469,-4.3441530807680175,4.457659249110948
1760637384301143161,780.2811279296875,507.1777648925781,-4.167688313371568,3.7823552681525325
1760637384306143161,783.6182861328125,520.0654296875,-3.949668675064761,2.949450137119191
1760637384311143161,787.4468383789062,526.9810791015624,-3.701118091167997,2.502533204409504
1760637384316143161,788.7843627929688,527.6332397460938,-3.614518122681405,2.460449407057954
1760637384321143161,795.509521484375,530.4753417968751,-3.179155034795622,2.2770352155662454
1760637384326143161,799.0344848632812,536.1085815429688,-2.9506783768695257,1.9127635795417992
1760637384331142161,801.7176513671876,533.1015014648438,-2.777280364410412,2.1074494864155713
1760637384336154161,802.0274047851564,533.7512817382812,-2.7571996082505748,2.0654202270099584
1760637384341148161,802.6862182617186,534.2755126953125,-2.714538246694675,2.0315291659709778
1760637384346142161,801.4071044921875,535.2860107421875,-2.7972313469760195,1.9660894146480594
1760637384351142161,800.1085815429688,538.5380859375,-2.8810309379029055,1.7556164952319544
1760637384356142161,798.8236083984375,561.8309936523438,-2.9632664155098594,0.24851308008260906
1760637384361267161,799.1532592773438,559.8071899414062,-2.9419835460560995,0.37945128218516627
1760637384366266161,800.068115234375,558.6268920898438,-2.882840938032959,0.4558212304816549
1760637384371266161,802.538330078125,556.1302490234374,-2.723137454859721,0.6173815372862169
1760637384376266161,805.762451171875,553.6218872070312,-2.5146595908234217,0.7797292777352071
1760637384381266161,806.3251342773438,550.51123046875,-2.478357135384804,0.981033552938875
1760637384386266161,810.0588989257811,549.4210205078125,-2.2368553067114934,1.0516494542620909
1760637384391271161,810.9025268554686,548.1337890625,-2.1823162461889414,1.1349715559495648
1760637384396280161,815.8076171875001,545.2005004882812,-1.8650607894310192,1.3249113854087498
1760637384401265161,819.2916870117188,543.3896484375,-1.6396782071989382,1.4421884249864922
1760637384406276161,839.2837524414062,546.39404296875,-0.345890114236783,1.2479333467330853
1760637384411265161,847.6633911132814,511.10986328125,0.19682305683409018,3.532229380780618
1760637384416265161,851.4188842773438,501.5340881347656,0.4404149233934249,4.152039381990602
1760637384421265161,841.5760498046875,480.4404602050781,-0.19759304697746613,5.517003404987388
1760637384426277161,838.3118896484374,471.77081298828125,-0.40956113767964186,6.077792739747734
1760637384431264161,838.7896728515624,467.696044921875,-0.37859989017197404,6.341384034343288
1760637384436264161,839.8490600585938,466.18621826171886,-0.3097993946624356,6.439074003862882
1760637384441270161,838.5592041015625,466.204833984375,-0.393592155400152,6.437829297216356
1760637384446264161,839.1920166015625,463.951171875,-0.3525153977316954,6.583612862642157
1760637384451264161,842.1632690429688,459.98052978515625,-0.15946010084128495,6.840491798782189
1760637384456265161,844.6677856445312,458.77978515625,0.0033374580259689698,6.918191570151244
1760637384461264161,845.4833374023438,457.9239501953125,0.056367046741947965,6.973548329616258
1760637384466263161,843.4976196289062,457.7884521484375,-0.072709868192953,6.982280421392103
1760637384471263161,844.0341796875,456.1855163574219,-0.037814431723357855,7.085946178214855
1760637384476263161,843.6351928710938,453.25579833984375,-0.06372133924521622,7.2753827257887895
1760637384481263161,842.4779052734374,451.49032592773426,-0.1389763635204167,7.389511113765475
1760637384486263161,843.6514282226562,448.57766723632824,-0.06262167878884417,7.577853870670326
1760637384491268161,843.5882568359375,448.12115478515625,-0.06672662248002183,7.607367154926071
1760637384496387161,843.986328125,447.69744873046875,-0.040819714958163465,7.634767503444444
1760637384501387161,844.6773681640625,446.98477172851574,0.0041570807263705,7.680854531306735
1760637384506387161,848.005615234375,448.24371337890614,0.22067407741577472,7.59949449308715
1760637384511388161,847.3200683593751,448.0999755859376,0.17607294213559144,7.608784528385421
1760637384516387161,847.0786132812499,448.03085327148426,0.16037033723373212,7.613252122397216
1760637384521386161,847.945068359375,447.6622009277344,0.2167535488321874,7.637090607990154
1760637384526391161,848.1640625000001,447.8820800781249,0.23099449325166396,7.622875438498065
1760637384531386161,847.05224609375,449.9932556152344,0.1585944880495288,7.486376104231981
1760637384536386161,847.880615234375,452.200439453125,0.21240271833088925,7.343669972494865
1760637384541386161,846.6827392578125,450.7020263671874,0.1345317316035739,7.4405471137928245
1760637384546386161,845.5234375,451.04550170898426,0.059119612977463105,7.418327689549328
1760637384551386161,846.7542114257812,452.69561767578125,0.13912844891499246,7.31164603312779
1760637384556386161,846.8226928710938,452.2029113769531,0.14359539263218082,7.343504751674115
1760637384561385161,845.7291259765625,453.1667175292969,0.072452142237328,7.281174545468617
1760637384566385161,847.9067993164061,452.0989990234375,0.21411026562339244,7.350228894684675
1760637384571385161,849.9356079101564,451.704132080078,0.3460763505772088,7.37575983343532
1760637384576385161,850.0185546875,453.0529479980469,0.3514107283189888,7.28854629650228
1760637384581385161,852.2098388671875,453.4696350097656,0.4938953045946248,7.2615844570543056
1760637384586385161,851.9551391601561,452.7100830078125,0.47737990718153395,7.310699868837014
1760637384591384161,858.2267456054688,438.3012695312501,0.8867063139512281,8.242018874488865
1760637384596384161,863.4116210937499,432.32955932617176,1.2252241495954002,8.627675190731047
1760637384601384161,865.1729736328125,429.05877685546875,1.3405245729743853,8.838894827924719
1760637384606384161,866.9741821289061,429.0040588378906,1.4579560153744144,8.842289365433242
1760637384611384161,870.6505737304689,430.0934753417969,1.6973951269183816,8.771571626338572
1760637384616384161,873.364013671875,432.578125,1.8737301207206007,8.61075714847958
1760637384621509161,873.9459228515624,433.3463439941406,1.9114805762632612,8.561056258161251
1760637384626508161,874.2376708984375,433.1322937011719,1.9305368040475968,8.574854931162301
1760637384631508161,872.5911254882811,433.5738525390625,1.8231594001058262,8.546500723098692
1760637384636508161,871.8534545898438,435.6062011718749,1.7746855475662457,8.415250570307366
1760637384641508161,872.89501953125,436.00338745117176,1.8424615147002823,8.389479036907018
1760637384646508161,873.9061279296875,436.95956420898426,1.908120123191615,8.32758515147371
1760637384651508161,874.298095703125,436.90277099609375,1.9336650306874625,8.331212413426563
1760637384656518161,870.0836181640625,445.3937072753906,1.6576434259489072,7.782849529601277
1760637384661507161,867.9122924804688,456.7920227050781,1.5146124345396703,7.046113020708763
1760637384666507161,858.7711791992188,466.8482971191405,0.9194024295080792,6.396219769574715
1760637384671507161,860.25244140625,469.62066650390625,1.0153802477250984,6.216845630750328
1760637384676507161,860.6724243164062,469.1893005371094,1.0427010044051492,6.244732497806122
1760637384681512161,866.8658447265624,455.13177490234375,1.4468091466489537,7.153534086978672
1760637384686506161,872.6363525390625,448.6777648925781,1.8231798906733363,7.570338692910097
1760637384691506161,870.6376953125,446.7585449218749,1.6934677681456243,7.694579136898803
1760637384696506161,867.6946411132812,445.37600708007824,1.502167829871907,7.784183987784486
1760637384701506161,867.1344604492188,444.23260498046875,1.4658858650007993,7.858134791751617
1760637384706506161,865.9546508789062,443.8089599609375,1.3891555198648762,7.8856028644667795
1760637384711506161,865.4520263671875,440.5948791503905,1.356917026982416,8.093384348306273
1760637384716506161,864.6288452148438,438.79452514648426,1.3035732495646164,8.209800310746562
1760637384721505161,865.5355224609375,437.6993713378906,1.3627909896686268,8.280516595237168
1760637384726505161,866.2194213867189,437.1426086425781,1.4074194457054903,8.316449907778239
1760637384731517161,866.7850341796875,436.4687194824219,1.4443707691152592,8.359957576873065
1760637384736505161,868.328125,434.44036865234375,1.5452390027780074,8.490909858443247
1760637384741505161,869.215576171875,432.9605407714844,1.603329761668966,8.586456640502755
1760637384746505161,871.6143798828124,434.1780090332031,1.7593927540145873,8.507561342135961
1760637384751629161,877.35498046875,437.43170166015625,2.132655761966614,8.296683142478017
1760637384756629161,881.2788696289064,438.76739501953125,2.3878794406824806,8.209870323642386
1760637384761629161,881.727783203125,439.47802734375,2.416928235222545,8.163889916243885
1760637384766641161,882.157470703125,439.4090881347656,2.444925180630427,8.168285402262843
1760637384771629161,882.2805786132812,439.68890380859364,2.452868690635152,8.150187467440883
1760637384776629161,886.6839599609374,444.8150634765624,2.7381588620774147,7.818297642416113
1760637384781629161,885.6616821289062,444.37579345703136,2.6717489327773807,7.8468363798901235
1760637384786628161,885.1369018554686,445.0189208984375,2.6374204020088965,7.805352034361304
1760637384791628161,885.3298950195314,443.6083984375,2.6503567802969004,7.896475482408746
1760637384796628161,885.6126098632811,440.0750732421875,2.669727196783057,8.124749594415013
1760637384801628161,885.4002685546876,440.4232177734374,2.6558072712545706,8.102285947169166
1760637384806628161,885.86279296875,441.61505126953125,2.6855868960358262,8.025204300095666
1760637384811641161,887.7954711914062,442.44366455078125,2.811173584304851,7.971363496049786
1760637384816627161,888.2511596679688,446.25350952148426,2.839751095792184,7.725102365927573
1760637384821627161,893.717529296875,462.3844299316405,3.1907545172391396,6.681681538902865
1760637384826627161,893.1727294921876,462.12356567382824,3.1554219486626636,6.698626415719657
1760637384831627161,894.8009643554688,461.3830566406251,3.2614264845812615,6.746242373293752
1760637384836627161,891.4077758789062,460.36376953125,3.04119386498337,6.812645591276829
1760637384841627161,891.7237548828124,459.97808837890625,3.0618278664659786,6.83752972461947
1760637384846626161,889.5103149414062,460.19293212890625,2.91791578065381,6.823962447714228
1760637384851626161,886.7301635742188,464.1928405761719,2.736294220434001,6.565742825641647
1760637384856631161,881.5662231445312,469.770751953125,2.3996683471899227,6.205657933223226
1760637384861626161,883.6435546875,474.08291625976574,2.533738130408103,5.926573948497611
1760637384866635161,883.6156616210938,476.99566650390625,2.5313748849552784,5.738197641938343
1760637384871626161,884.7009887695312,479.55130004882824,2.601343342812889,5.572798032165272
1760637384876626161,886.9675903320311,484.1074523925781,2.747577692942862,5.277880040952546
1760637384881751161,889.4306640625,492.989501953125,2.9057375533636773,4.703111417992452
1760637384886750161,889.7709960937499,497.4789123535156,2.927040913384947,4.412663767508353
1760637384891750161,886.88720703125,505.4283752441406,2.738917013075286,3.8985954487871464
1760637384896750161,887.0465087890626,506.66839599609375,2.7490735043710948,3.818351772626562
1760637384901750161,882.8732299804689,509.79693603515625,2.4782633339692595,3.6161911749455005
1760637384906750161,880.8133544921875,510.10546875,2.34476728664136,3.5963459915612854
1760637384911750161,879.9948120117188,509.87863159179676,2.2917581884928913,3.6110708922208388
1760637384916749161,879.1221313476562,510.50341796875,2.2351427504626553,3.570685447372972
1760637384921759161,879.1356811523438,509.7447204589845,2.236105807135627,3.619783401445374
1760637384926749161,883.3884277343749,511.1556396484375,2.511485374092201,3.528238130142256
1760637384931749161,885.3111572265625,511.6277770996094,2.6359997226615337,3.49756884077603
1760637384936749161,885.4166259765625,512.6414794921875,2.6427137986156564,3.431966885984488
1760637384941748161,886.1312255859375,513.1743164062501,2.6889473491074725,3.3974437644161872
1760637384946748161,885.8703002929688,514.3607177734376,2.6719060271282906,3.320688818832436
1760637384951748161,882.2630615234376,513.4480590820312,2.4383272178921946,3.379955905351715
1760637384956757161,881.7679443359374,512.2156372070311,2.406382423144045,3.459737270623008
1760637384961754161,877.4573974609375,508.2283630371094,2.1275126295215947,3.7180028370035845
1760637384966748161,877.7546997070311,508.47845458984386,2.1467532724135205,3.7018028883040373
1760637384971748161,874.6100463867186,516.4462890625,1.9422778992308487,3.1862779163738493
1760637384976747161,867.9110107421875,523.3693237304686,1.5079051887747177,2.738382213980935
1760637384981747161,865.5994873046875,536.1998901367188,1.3576410270344372,1.9078430527196821
1760637384986747161,867.9149780273438,537.7554931640624,1.507481717046177,1.8071037623473905
1760637384991747161,867.7003784179688,539.248046875,1.493534470761011,1.7104845310135024
1760637384996747161,867.6344604492189,541.2314453125001,1.4891973006380528,1.5820867673664942
1760637385001747161,867.6156616210938,543.4719848632812,1.4879063948849205,1.4370415092315152
1760637385006747161,865.80126953125,546.0914306640626,1.370392990214851,1.2674830947728264
1760637385011872161,864.4151611328125,548.2495117187501,1.2806306441425435,1.127782745381731
1760637385016875161,861.9554443359375,547.6856079101562,1.1214462553462263,1.1643052825293123
1760637385021871161,857.7955932617189,548.0343017578124,0.8522001982643237,1.1417506457180346
1760637385026871161,855.2593383789062,546.202880859375,0.6880707525089172,1.2603294653418804
1760637385031877161,853.8197631835936,543.8396606445312,0.5949274627974533,1.413334673312476
1760637385036870161,847.9819946289062,540.4028930664064,0.21710188847985804,1.6358465956722055
1760637385041870161,847.8135986328125,534.9422607421874,0.20624871788870777,1.9893814571428532
1760637385046870161,846.8159790039061,533.1088256835938,0.14168293966457723,2.1080793384861254
1760637385051870161,847.9237060546875,532.2847290039064,0.21340675613888113,2.1614345528401233
1760637385056870161,847.4658203124999,531.043701171875,0.1837705653301958,2.241779524346753
1760637385061870161,842.0468139648439,528.9551391601562,-0.16706893157667915,2.3769678171348994
1760637385066871161,839.7255249023438,527.8494262695312,-0.31736041407363974,2.448528777575476
1760637385071870161,837.3967895507812,521.8489379882814,-0.46819831170420134,2.8369509368126007
1760637385076869161,837.22509765625,519.7040405273439,-0.4793383502404921,2.975797320014272
1760637385081869161,837.2666625976561,517.9296264648438,-0.4766677462750171,3.090662214287412
1760637385086870161,831.0925903320312,518.7369995117188,-0.8765070202875636,3.0382633225833477
1760637385091869161,831.5606689453125,515.9057006835938,-0.8462697728319172,3.2215454369235523
1760637385096869161,832.5108032226562,516.4157104492188,-0.7847161080317622,3.188557805263571
1760637385101869161,832.3159790039062,516.2679443359375,-0.7973382976179457,3.1981176677316565
1760637385106868161,830.4986572265625,515.9045410156249,-0.9150497777739455,3.2215903565497648
1760637385111868161,832.6839599609375,512.7596435546875,-0.7735897298738115,3.4252157131162755
1760637385116868161,837.9583129882812,506.103515625,-0.43199830910313375,3.856173192107891
1760637385121868161,837.6085815429688,505.7881164550781,-0.4546677069584061,3.8765802794381417
1760637385126868161,833.57568359375,505.435791015625,-0.7160044049814339,3.899280576379498
1760637385131877161,826.7459716796875,502.4490051269531,-1.1586826254683003,4.092330481077268
1760637385136879161,824.1915893554686,495.7221374511719,-1.3246152411645902,4.527511659106261
1760637385141992161,821.8882446289064,489.78619384765625,-1.4743603085279497,4.911449768091212
1760637385146992161,820.8828125,484.1148986816406,-1.5400325773976222,5.278289900743829
1760637385151992161,820.2039184570312,482.9849548339844,-1.5841692598142447,5.351336018202532
1760637385156992161,820.4424438476562,482.34906005859375,-1.5687535228575258,5.392490560266571
1760637385161992161,819.2926025390625,483.2413635253905,-1.643257226324025,5.334677649268096
1760637385166991161,819.3822021484374,483.55224609375,-1.6374174145836642,5.314573877578206
1760637385171991161,819.0083618164061,482.9669494628906,-1.6617260578397395,5.3524064619610465
1760637385176991161,813.6156616210938,482.2504882812501,-2.0116093282628125,5.398276344555071
1760637385181991161,815.57958984375,483.6191711425781,-1.8840692058911646,5.30992553940272
1760637385186991161,819.0618286132812,480.2602233886719,-1.6585158689298334,5.527502534327049
1760637385191991161,820.0523681640625,480.3461608886719,-1.5942437888400134,5.52202427842357
1760637385196991161,822.4039306640625,479.7547607421875,-1.4417188344844587,5.560461777139938
1760637385201991161,820.5282592773438,480.1977233886719,-1.5633781639807258,5.531664151646584
1760637385206990161,818.0254516601562,479.05975341796875,-1.7258820247136692,5.605066018483464
1760637385211994161,815.0811157226564,474.9545593261719,-1.9174073592299967,5.870310934079264
1760637385216990161,813.7785034179688,474.14520263671875,-2.002047063424795,5.9225213311882525
1760637385221990161,814.6307373046875,472.935272216797,-1.9468932858769419,6.000858478827372
1760637385226990161,816.2112426757811,473.567138671875,-1.84422871246248,5.960153363868424
1760637385231990161,818.4959716796875,465.4881286621095,-1.696840060362775,6.482846392085828
1760637385236989161,818.5179443359376,462.4567871093751,-1.695774550852253,6.678863341331924
1760637385241995161,818.1138916015625,458.87091064453125,-1.7224737603178328,6.910673740279221
1760637385246989161,817.3927001953125,451.3924255371094,-1.7703533863996221,7.3940592042167035
1760637385251989161,818.4486083984375,448.2647399902344,-1.702119796591195,7.59635352962868
1760637385256989161,820.0232543945311,445.8164367675781,-1.6000221288778442,7.754782043507601
1760637385261988161,821.4024047851562,444.9866943359375,-1.510396386588937,7.808565104940682
1760637385266988161,822.0719604492186,438.81436157226574,-1.467591591060467,8.20754653330947
1760637385272113161,822.5593872070312,434.5486145019531,-1.4363912869318487,8.483249095903396
1760637385277113161,823.0421142578125,424.16290283203125,-1.4062974734487725,9.154272255481477
1760637385282113161,825.6593627929688,420.6832580566406,-1.2360413480078647,9.379331545113551
1760637385287113161,825.6262817382811,417.0026855468749,-1.2386436500816396,9.617038435332192
1760637385292113161,824.5177612304688,417.3990783691406,-1.3109343722570546,9.591309657921487
1760637385297113161,825.0958251953126,418.068359375,-1.273129275201034,9.548154284576677
1760637385302112161,827.3900756835938,417.1157531738281,-1.1235276418102447,9.609929616119814
1760637385307112161,830.8881225585938,413.50885009765625,-0.895542757504389,9.843205484825651
1760637385312112161,832.8145141601561,412.40753173828125,-0.7698467862086444,9.91448912288289
1760637385317112161,834.6536865234375,406.61776733398426,-0.6500725889233009,10.288476265677039
1760637385322112161,836.529541015625,403.7853088378906,-0.5276141272941423,10.471473606663436
1760637385327112161,835.9285278320312,402.3575134277344,-0.5669696772917557,10.563606524311592
1760637385332111161,835.8422241210939,400.71536254882824,-0.5726933758162264,10.669605012867775
1760637385337111161,838.5311279296875,400.4526672363281,-0.39685698582341816,10.68673304464082
1760637385342111161,841.5601806640625,403.542205810547,-0.19874734894719828,10.48743123305693
1760637385347111161,839.7282714843749,406.0246887207031,-0.31846690471918176,10.327078517692007
1760637385352111161,841.9080200195312,418.1988830566406,-0.17602330957856588,9.540978886083314
1760637385357111161,842.1432495117188,422.64996337890625,-0.16068270470271723,9.253461123279298
1760637385362110161,841.9968872070311,424.37112426757824,-0.17023130916239507,9.142264217073963
1760637385367110161,841.8975219726562,425.41864013671875,-0.17671315868473716,9.074584963517456
1760637385372110161,842.6870727539062,426.3590393066406,-0.12523402291035104,9.013850856700907
1760637385377110161,842.6210327148438,428.7429504394531,-0.1295507024657991,8.859820024777306
1760637385382110161,844.5488891601564,426.7977600097655,-0.003847900980884444,8.985549874629125
1760637385387110161,845.1549682617188,424.8879089355469,0.03571255469182941,9.108953634370511
1760637385392114161,846.2491455078125,424.70462036132824,0.10707437114012264,9.12081066205826
1760637385397114161,847.2996215820312,426.51345825195324,0.1755128666236504,9.003954674598521
1760637385402234161,851.4323120117189,433.0595397949219,0.44454718784128266,8.580956377813182
1760637385407234161,853.459716796875,439.04498291015625,0.5761922539041084,8.19409096280366
1760637385412234161,857.2477416992188,442.3622741699219,0.8225503470772983,7.979566841915471
1760637385417234161,859.0095825195312,446.6848449707031,0.9367920911349316,7.700073505030482
1760637385422234161,859.1478881835938,451.11883544921875,0.9453366577866176,7.413404560350158
1760637385427233161,862.04931640625,468.450653076172,1.1322038032889965,6.2924552053821206
1760637385432245161,873.4559326171874,478.13177490234364,1.871701554537107,5.665580641785574
1760637385437233161,874.7329711914062,479.07318115234375,1.9544629567101515,5.604591387267741
1760637385442237161,876.6153564453125,487.4773864746094,2.0754256069110775,5.060770432969005
1760637385447233161,878.1832885742186,488.045654296875,2.177058821760867,5.023892587641523
1760637385452233161,881.250244140625,482.60675048828125,2.37686917574042,5.375490701213354
1760637385457232161,883.7550048828126,480.1036071777344,2.5398443195260945,5.53716877847971
1760637385462232161,886.6751708984374,481.57275390625,2.7290747104812976,5.441852525982856
1760637385467232161,891.0646362304688,487.5691833496094,3.012705145955247,5.053549163449981
1760637385472242161,894.2774658203126,494.6014404296874,3.2197145193199934,4.598360312618994
1760637385477232161,896.4176025390625,509.0551452636719,3.355915321559218,3.6631976817735454
1760637385482232161,898.6408081054688,515.6790771484376,3.4989326525901148,3.234506219213073
1760637385487232161,898.963134765625,519.2149047851564,3.5193071068842627,3.005741978256671
1760637385492243161,899.6827392578124,520.7481079101562,3.5657045819161595,2.906503656321859
1760637385497231161,901.0458374023438,523.905029296875,3.6535544750208633,2.7021822245942193
1760637385502231161,902.6454467773438,526.3492431640625,3.756813274893116,2.54395946922381
1760637385507243161,898.5986938476562,530.4039916992189,3.494370086224546,2.281880415325394
1760637385512231161,901.6888427734376,529.2490234374999,3.69454244023011,2.356429035558151
1760637385517231161,903.6829223632812,530.5859985351562,3.8234759211924407,2.2698230968675572
1760637385522232161,902.0044555664062,532.2647094726562,3.7146436869574573,2.161319602159105
1760637385527239161,903.5142211914061,537.2039794921875,3.811871429792589,1.8417148652362598
1760637385532355161,902.4993286132812,543.31298828125,3.7456868967351653,1.446549637589657
1760637385537355161,911.8846435546875,556.5979614257812,4.352180374275617,0.587011362961569
1760637385542355161,914.867919921875,566.9427490234375,4.544935142842547,-0.08197057469405486
1760637385547363161,918.4439697265624,570.280029296875,4.776259989652539,-0.29769529133017236
1760637385552355161,923.840087890625,578.2565307617186,5.125473901536951,-0.8131639104063495
1760637385557354161,927.4217529296875,580.6905517578126,5.357242710642994,-0.97030599574829
1760637385562354161,928.7832641601562,578.1300048828125,5.445181396206908,-0.8047680219665767
1760637385567354161,932.5862426757812,576.5499877929688,5.691068206327367,-0.7025022538810116
1760637385572354161,934.0935668945314,576.48779296875,5.7885418359726195,-0.6984184969303456
1760637385577354161,931.4517822265625,574.1779174804689,5.61763001237139,-0.5492746762059204
1760637385582354161,929.43701171875,573.3731079101562,5.487316833196717,-0.49733623175761277
1760637385587353161,928.0089721679688,574.7477416992188,5.394993166185654,-0.5862213441290653
1760637385592353161,925.7018432617188,574.7259521484375,5.245774023388386,-0.5848945916689974
1760637385597358161,923.7691040039061,578.440673828125,5.120890844603872,-0.8250691905839815
1760637385602353161,923.4449462890625,578.44384765625,5.099922163851933,-0.8252883907466443
1760637385607353161,922.95263671875,579.2935791015625,5.0681139728871845,-0.8802341836972412
1760637385612357161,922.7843627929688,582.5716552734375,5.057390575890264,-1.0921252870823757
1760637385617352161,922.8021850585938,589.3291625976561,5.0590093307235575,-1.5288798486835518
1760637385622353161,923.7877197265625,595.706298828125,5.123377033461757,-1.94092835818263
1760637385627352161,921.7302856445312,605.2603759765625,4.991451929642961,-2.558503770431183
1760637385632352161,920.2389526367189,604.8674926757812,4.8948867151573205,-2.5332769188050204
1760637385637352161,925.2634887695314,607.4287109375,5.220420361189299,-2.698195564737022
1760637385642352161,926.2177124023438,612.6497802734375,5.283060026067486,-3.035353307315382
1760637385647352161,926.8725585937499,615.5793457031249,5.325994595190186,-3.2244887733222423
1760637385652352161,926.2203979492189,621.0739135742188,5.284904177143389,-3.5794607829941123
1760637385657351161,926.1622314453126,621.311279296875,5.2811953844240715,-3.594799490906287
1760637385662476161,926.2998657226562,622.6781005859375,5.290402479425249,-3.683048914353612
1760637385667476161,927.7930908203125,623.6881103515625,5.38731603355856,-3.748027197201864
1760637385672476161,928.7581787109375,623.7119140625,5.449805434275007,-3.7494012517103252
1760637385677476161,928.5980834960938,626.0056762695312,5.439983622248528,-3.8975387388147205
1760637385682476161,929.0297241210939,626.6520385742188,5.468096680872301,-3.9391967849347878
1760637385687481161,929.3677978515625,626.0889892578125,5.489850833378791,-3.9027822912546584
1760637385692475161,930.7023315429686,625.1885986328125,5.576040990515183,-3.8444108269437187
1760637385697475161,930.8021240234375,629.8837890625001,5.583697632574767,-4.147516865869826
1760637385702475161,927.7391967773438,619.9531860351562,5.382992523813942,-3.506842784551995
1760637385707475161,931.0542602539062,617.0322875976562,5.596961859942931,-3.317696625335048
1760637385712487161,930.8560791015625,618.1632080078125,5.584373821302598,-3.39075713110447
1760637385717474161,928.9927368164064,617.413818359375,5.463602416398433,-3.3426534810948256
1760637385722486161,931.0005493164062,615.2320556640626,5.593116463440214,-3.2014509190098637
1760637385727485161,930.9828491210939,612.8767700195312,5.591504538796091,-3.049348717172696
1760637385732474161,931.9639282226562,614.3092041015625,5.6552780150765,-3.141710354404019
1760637385737474161,933.2152099609376,614.17041015625,5.736236247308661,-3.1325590943525543
1760637385742474161,935.2498779296875,615.468017578125,5.868181841694968,-3.2160295850476284
1760637385747483161,944.9457397460938,620.570068359375,6.496873434037961,-3.5436504287934016
1760637385752473161,946.0169067382812,624.3740234375,6.567238042867433,-3.7888820515121493
1760637385757473161,948.534912109375,623.9132690429686,6.730076582869707,-3.7586288413681244
1760637385762473161,951.687255859375,619.082763671875,6.932721465354815,-3.446362916667505
1760637385767473161,952.8988037109375,618.1111450195312,7.010845169081421,-3.3834441943328435
1760637385772473161,951.9651489257812,617.169677734375,6.950193089251708,-3.3228967729029777
1760637385777477161,948.9111938476561,612.2796020507812,6.751427754215166,-3.007957405698061
1760637385782472161,951.8347778320311,610.5199584960938,6.940145880982619,-2.893916376652073
1760637385787472161,957.4799194335938,601.0250244140626,7.3032728882063465,-2.2804531604827316
1760637385792597161,963.7142333984375,597.6729125976564,7.705714464292668,-2.0633468184195274
1760637385797597161,964.46875,594.8128662109375,7.754010731913828,-1.8787989899258417
1760637385802597161,961.791259765625,592.29931640625,7.580578568508865,-1.7170154804655295
1760637385807597161,959.0327758789062,585.1950683593751,7.401456857525281,-1.2589944017709265
1760637385812597161,957.1445922851562,581.8384399414062,7.279128169490352,-1.0425639870048615
1760637385817596161,956.8693847656251,580.4667358398436,7.261239904054088,-0.9540674929669223
1760637385822607161,956.9547119140625,576.89208984375,7.266553791228358,-0.7233821982490823
1760637385827596161,957.511962890625,574.1320190429688,7.302460095695116,-0.5452376481770829
1760637385832596161,958.5663452148438,572.0670776367189,7.370550251530973,-0.41193865923808926
1760637385837600161,958.5303955078125,563.3121337890625,7.368262138159018,0.15303653168952014
1760637385842596161,957.51708984375,560.2437744140625,7.302883567423656,0.35105670910689885
1760637385847595161,958.9586791992188,560.12939453125,7.39606100808097,0.3584313004971855
1760637385852595161,958.788330078125,556.4686889648438,7.38526247900318,0.5946746381150899
1760637385857595161,959.9716186523438,555.5713500976562,7.461801578842342,0.6525583296355222
1760637385862595161,962.4962158203125,553.7449340820312,7.625111401897348,0.7703442418054754
1760637385867595161,963.627197265625,552.6365356445312,7.698296878854034,0.8418211812393139
1760637385872595161,964.1132202148438,550.5186767578126,7.729920654711194,0.97843949022154
1760637385877600161,966.6848754882812,548.8955688476561,7.896297232703534,1.0830278054178604
1760637385882594161,979.0604248046875,546.2497558593751,8.696269478862938,1.2529079423265526
1760637385887594161,977.8376464843751,543.0391235351562,8.61777694492115,1.4599450212060274
1760637385892594161,980.347412109375,541.702880859375,8.780157862249034,1.5458604676793164
1760637385897605161,981.3387451171875,540.3861694335938,8.844450432906363,1.63062721447176
1760637385902594161,983.1221923828125,536.902099609375,8.96037923368899,1.8549565801204677
1760637385907593161,983.3383178710938,534.9378051757812,8.974777272459377,1.9815005606150833
1760637385912593161,981.1339721679688,527.9794921875,8.834089035935454,2.4301791278456366
1760637385917593161,979.3472290039062,524.9013061523438,8.719478461662641,2.628831786279144
1760637385922718161,974.0065307617189,522.707275390625,8.374874927467987,2.7711264948687804
1760637385927718161,971.7673339843749,521.6871337890625,8.230402766143877,2.837269123120917
1760637385932724161,968.3580932617188,522.06005859375,8.009849127654997,2.813773290479396
1760637385937727161,966.081787109375,523.2011108398438,7.862330701961061,2.7405307213223766
1760637385942726161,959.4444580078125,521.1774902343751,7.43362021832687,2.8720928036315803
1760637385947717161,958.4298706054688,518.7329101562501,7.368665119320049,3.0299979148899925
1760637385952724161,954.264892578125,515.7977294921875,7.100040609452617,3.220099303025274
1760637385957717161,949.2565307617188,520.8568115234375,6.77464356720404,2.894268113966861
1760637385962717161,939.5474243164064,513.33740234375,6.148233258043831,3.381260483563507
1760637385967717161,938.5821533203124,516.369384765625,6.084985706329513,3.185549966003437
1760637385972726161,926.2271118164061,518.3977661132812,5.284774403549159,3.0560400839728556
1760637385977716161,922.3875122070312,518.07080078125,5.036264800787415,3.077602767261397
1760637385982716161,914.9965209960938,520.6737670898436,4.557277294672761,2.910059647726298
1760637385987716161,919.2052001953124,525.4174194335936,4.828948068910018,2.6029675818401574
1760637385992716161,919.9490356445314,518.2846069335938,4.87835082717672,3.064042439772271
1760637385997716161,931.6035156250001,568.20654296875,5.6273698621278285,-0.16340579538552563
1760637386002726161,916.05859375,596.0194091796875,4.623325223946784,-1.9618115551585331
1760637386007716161,894.0343627929688,664.0957641601561,3.2087110845671027,-6.363218668973777
1760637386012715161,830.1769409179688,778.09033203125,-0.9476161197365663,-13.711434702772522
1760637386017715161,830.7958374023438,789.666259765625,-0.9082810603064629,-14.455011829582306
1760637386022715161,824.9141845703125,857.3346557617188,-1.311166598688835,-18.790506894957037
1760637386027722161,875.2340087890625,866.0256958007812,2.0568679829361525,-19.345723845788676
1760637386032715161,894.0802612304686,820.6557006835938,3.284095882436534,-16.43557304554942
1760637386037714161,860.7059326171875,834.8196411132812,1.074638968964129,-17.351370157036186
1760637386042714161,845.0535888671874,840.540771484375,0.03392987531845608,-17.718346498029383
1760637386047714161,832.9513549804688,848.797119140625,-0.7729272015243202,-18.24577865129761
1760637386052839161,807.298095703125,822.9142456054688,-2.4711376254321005,-16.5817186914441
1760637386057839161,850.9752197265625,821.2794799804688,0.4257163562995575,-16.4843937972309
1760637386062839161,839.7291870117189,788.6626586914062,-0.3193479991221134,-14.391486036153218
1760637386067839161,882.8795776367188,763.6959838867188,2.5141696384360164,-12.783434568041644
1760637386072847161,839.8980102539064,711.1883544921875,-0.30697852653522034,-9.406127713713891
1760637386077838161,893.7274780273438,678.9241943359375,3.192680630585083,-7.3204548133831375
1760637386082838161,866.6732788085938,621.9965209960939,1.4282925038090493,-3.644943954079085
1760637386087843161,898.4530029296875,622.4260864257812,3.4869798215425925,-3.670468018892781
1760637386092838161,901.387939453125,541.9979248046875,3.6738606274233114,1.5316649658275479
1760637386097838161,876.1610717773439,526.1268310546875,2.0419918309238647,2.559650630594286
1760637386102838161,863.9857788085938,486.27581787109375,1.256233208427258,5.139205996963869
1760637386107837161,887.7620849609375,448.1280517578124,2.8074101500721738,7.604035882726628
1760637386112837161,899.1641845703125,457.7300720214844,3.5460814484307126,6.981610396022418
1760637386117837161,875.5891723632812,452.08404541015625,2.0146232629196237,7.349855700552537
1760637386122837161,881.0606079101562,451.8565673828125,2.3705444205689883,7.363956649226596
1760637386127837161,888.4855346679688,456.31805419921875,2.8522913231083273,7.074586512617997
1760637386132837161,876.6961669921875,442.9033203125,2.0885327399283318,7.943162883490433
1760637386137836161,874.3980102539062,452.067657470703,1.937155257353339,7.3510324581669275
1760637386142836161,873.5086059570312,451.2865905761719,1.8794469890559014,7.401610387704987
1760637386147836161,871.0974731445311,434.80691528320324,1.7255969780013642,8.466973695004018
1760637386152836161,866.8478393554688,448.4417419433594,1.4465974107846833,7.586064203272705
1760637386157836161,869.4060058593751,450.42974853515625,1.6127212717777335,7.457354287270245
1760637386162836161,869.1317138671875,438.0232849121094,1.5969571951733441,8.259302224403395
1760637386167835161,884.8292846679688,396.1242980957031,2.632912477156688,10.962776781370764
1760637386172835161,882.6090698242189,401.33636474609375,2.4857970326237835,10.626875301835552
1760637386177835161,875.9929809570312,392.0344543457031,2.0558639451281606,11.228239567566646
1760637386182960161,868.2594604492188,381.5970458984375,1.55201455043466,11.902632332987395
1760637386187960161,868.2517089843749,378.9673156738281,1.5521716447855705,12.072244958336066
1760637386192960161,868.0343017578125,379.4683837890625,1.5377804362043535,12.039954192062755
1760637386197960161,864.8617553710939,380.7277526855469,1.3293913646272646,11.959069253027593
1760637386202964161,859.6552734375001,381.43048095703125,0.9878067740457568,11.914167373812854
1760637386207959161,863.19921875,382.0417785644531,1.2200878473395504,11.874464131382421
1760637386212959161,863.6364746093751,382.63958740234364,1.2486380380702038,11.835864081947534
1760637386217959161,863.7565307617188,382.6936340332031,1.2564995858048884,11.832366748369575
1760637386222965161,862.4425659179688,381.166717529297,1.1706441079378282,11.930973716882459
1760637386227959161,862.2142333984375,380.4558410644531,1.1558089370605604,11.976845966652586
1760637386232959161,861.7793579101562,378.02630615234386,1.127757350139318,12.133583059876846
1760637386237958161,859.5490722656249,377.13214111328114,0.9815776415227052,12.191415913637133
1760637386242958161,855.234130859375,375.75714111328125,0.6986165645874169,12.280324881727193
1760637386247958161,853.2608642578125,376.1298522949219,0.5690683665997851,12.256354760951472
1760637386252958161,852.1370239257812,378.9362792968749,0.4950291159968469,12.075375517466954
1760637386257958161,850.8504028320311,379.3675231933594,0.41059431747714925,12.047581331482807
1760637386262957161,851.2650146484375,380.935089111328,0.43764869677956975,11.946462016979849
1760637386267961161,856.8369750976564,378.864776611328,0.8033643456987325,12.079824035353802
1760637386272957161,861.33154296875,377.2088623046875,1.0985309706808335,12.186338732767068
1760637386277957161,863.62841796875,377.8596496582031,1.2491093211229347,12.144172429303934
1760637386282957161,865.7030639648438,380.40643310546875,1.3846475950126678,11.97971031268022
1760637386287957161,865.9395751953125,381.33673095703125,1.3999403885643262,11.919680481265342
1760637386292957161,864.4100341796875,383.792724609375,1.299113136036598,11.761406573674071
1760637386297968161,864.2484130859375,384.4295959472656,1.2883829088505079,11.72033799665993
1760637386302956161,861.88818359375,383.3409729003906,1.1338771996356496,11.790766373138215
1760637386307960161,860.2048950195312,383.73382568359386,1.0234535313240534,11.765547268082154
1760637386313081161,857.5061035156249,385.82089233398426,0.8462237827405625,11.631064963368765
1760637386318081161,857.4437255859374,386.4325256347656,0.8420505371576847,11.591607216905583
1760637386323081161,857.4435424804686,385.8979797363281,0.8421120088602149,11.626094965956762
1760637386328080161,857.7015380859375,386.9040832519531,0.8588732930834261,11.561169393179378
1760637386333090161,857.7644653320312,387.20208740234375,0.8629509160179237,11.541938924653337
1760637386338080161,855.1368408203125,386.32296752929676,0.6908916206361325,11.598777770287064
1760637386343080161,849.7102050781249,384.00445556640625,0.33544857622866897,11.74847456007067
1760637386348080161,850.2988891601562,382.2169189453125,0.3741825790118113,11.863785786209789
1760637386353080161,852.0841674804688,375.3697814941406,0.4919213799244911,12.305401735327976
1760637386358080161,850.36181640625,375.1237792968749,0.3788954095391201,12.321292371555074
1760637386363088161,846.3970947265626,373.456756591797,0.11874716443167442,12.428785671884844
1760637386368079161,842.3469848632812,372.906219482422,-0.14714526976775197,12.464171828201534
1760637386373079161,841.1006469726562,375.25274658203114,-0.2289572756461647,12.312794015612493
1760637386378079161,840.6431274414062,373.6727600097656,-0.2590032778050508,12.414662032418086
1760637386383079161,839.8952026367188,372.8620300292969,-0.30811233793744247,12.466901460540118
1760637386388079161,838.2567749023438,372.3708801269531,-0.4157014777434833,12.49846967733249
1760637386393078161,838.0712280273438,371.1624755859375,-0.4279275163578061,12.576376006240416
1760637386398079161,835.5463867187501,369.4178161621094,-0.5938464716757559,12.688669649652558
1760637386403078161,834.7163696289062,367.4984436035156,-0.648501645414198,12.812339400727389
1760637386408078161,833.0775756835938,368.2137145996094,-0.7561181059769189,12.766066765154982
1760637386413078161,832.4940185546875,366.9454345703125,-0.7945720710040907,12.847768740188004
1760637386418078161,837.7908935546875,366.4665832519531,-0.44652612146775084,12.879114471066352
1760637386423091161,861.2262573242188,393.0611267089844,1.0887569699785453,11.163663166131895
1760637386428077161,869.4761352539062,416.30584716796875,1.6236017631255637,9.662313147917429
1760637386433077161,869.4042358398438,426.85980224609375,1.616778404144721,8.980608898163288
1760637386438077161,870.9784545898436,428.0914306640625,1.7191697699923822,8.900887014339292
1760637386443205161,862.382080078125,436.2018127441406,1.1576052768122738,8.377502823672389
1760637386448212161,858.2664794921875,445.33465576171875,0.8885709555946416,7.787387278942226
1760637386453202161,860.6774291992189,444.82476806640625,1.0455355329107046,7.820246542899301
1760637386458201161,860.4342651367186,444.31866455078114,1.0297646261171451,7.852973826047728
1760637386463217161,859.7583618164062,444.5914001464844,0.985744056916413,7.835373706038047
1760637386468208161,858.1636352539062,446.78631591796886,0.8817339362354588,7.693546372534318
1760637386473201161,857.7388305664062,448.86688232421875,0.8538940851784869,7.5590529423911565
1760637386478209161,853.0752563476562,457.7906799316406,0.5499096859778994,6.982153882080062
1760637386483201161,849.364501953125,465.7972717285156,0.3083600459803984,6.464362209557907
1760637386488201161,850.9361572265625,469.1628417968749,0.41031427972117873,6.246659278631348
1760637386493213161,849.6563720703126,469.245635986328,0.32719087752212356,6.241309705420443
1760637386498206161,848.1144409179688,469.12054443359375,0.2270466439113966,6.24940173786341
1760637386503200161,845.7787475585939,468.3087158203125,0.07536180282375343,6.301900827858063
1760637386508200161,842.1529541015625,475.7020263671875,-0.16014994994745624,5.823578520502743
1760637386513200161,840.8010864257812,478.2938232421875,-0.24789739021461005,5.655871513293449
1760637386518204161,838.8008422851562,479.10394287109375,-0.3777119655798724,5.603407319091177
1760637386523200161,838.1807861328125,479.0184326171875,-0.4179554401695875,5.60892140435425
1760637386528199161,837.2691040039064,477.7376403808594,-0.477145859516918,5.691755111385997
1760637386533199161,837.4688720703125,476.5500183105469,-0.46420265103974384,5.7685944780625436
1760637386538199161,838.2080078125,476.4676513671875,-0.4162274023095743,5.77394713349613
1760637386543199161,838.570556640625,481.841796875,-0.3926154383488402,5.4262635682299605
1760637386548199161,839.6235961914062,489.0989990234375,-0.3242179240003325,4.956709182298732
1760637386553198161,841.4155883789062,491.838134765625,-0.20798859489422555,4.779492287770617
1760637386558198161,848.7202758789061,502.6155090332031,0.2654732881818883,4.0820519247329345
1760637386563203161,852.8034057617188,503.762451171875,0.5300816468173524,4.007801004593624
1760637386568203161,858.6047973632812,509.76324462890614,0.9057898624922437,3.619314597421347
1760637386573323161,859.7310180664061,512.9815063476564,0.9786065092337497,3.410978713624887
1760637386578323161,856.05029296875,514.3548583984375,0.7400894732277343,3.322134270842526
1760637386583322161,851.15087890625,520.0258178710939,0.4225676390921816,2.9550632472894893
1760637386588323161,852.0475463867188,520.3441772460936,0.48063790741563,2.9344504321092777
1760637386593322161,857.533203125,521.7322387695312,0.8358760461479932,2.8445482389463663
1760637386598322161,856.9567260742188,523.8356323242189,0.7984739302530034,2.7083881924173085
1760637386603322161,854.662841796875,528.8639526367188,0.6497943724001658,2.3828817169039684
1760637386608322161,853.9267578124999,532.181640625,0.6020581802909467,2.168097741385298
1760637386613322161,858.8462524414062,541.1060791015625,0.9203313352352008,1.5902890780781398
1760637386618322161,860.952392578125,545.6959228515625,1.056559458231105,1.2931244391795094
1760637386623321161,863.2809448242189,548.4276123046875,1.2072197709432464,1.1162600576895898
1760637386628321161,864.1978759765625,551.0486450195312,1.266512643128127,0.9465714146764528
1760637386633321161,864.3677368164062,551.8529663085938,1.2774887571243376,0.8944997693555664
1760637386638324161,865.0055541992188,552.8452758789061,1.3187499299003846,0.8302563070712509
1760637386643325161,867.5673828125,559.8856811523436,1.484450319164894,0.3744766751179753
1760637386648326161,867.0571899414062,565.4752807617189,1.4513922035820324,0.012636961837459687
1760637386653320161,868.7617187500001,568.6935424804688,1.561692928488568,-0.195681496976143
1760637386658327161,869.6000366210936,569.0550537109375,1.6159451210659794,-0.21907768096627428
1760637386663320161,873.1524658203124,574.4358520507812,1.8458561187177787,-0.5673335220827371
1760637386668320161,873.3462524414061,574.1605834960938,1.8583963460339221,-0.5495146896367107
1760637386673320161,874.035400390625,573.5297851562501,1.9029906511249353,-0.5086790325601264
1760637386678320161,876.8054809570312,577.4373779296875,2.08229677721611,-0.7615495878658237
1760637386683319161,878.6366577148436,575.4751586914062,2.200766408369981,-0.6345285244652764
1760637386688319161,882.7059936523436,572.1599731445312,2.4640633706848027,-0.41992152441156566
1760637386693319161,884.9316406250001,572.0769653320312,2.6080847395236915,-0.41452062279671187
1760637386698319161,893.8484497070312,570.4201660156249,3.1850513092821786,-0.30718951353689866
1760637386703444161,894.2919921874999,572.8666992187501,3.2137654245529124,-0.46547565429877735
1760637386708444161,894.2398071289062,573.4273681640625,3.210398141292096,-0.501751840988882
1760637386713444161,894.4952392578125,572.8910522460939,3.226920368894357,-0.4670476342971159
1760637386718443161,893.2572021484375,571.1309814453125,3.146795419740937,-0.3531894447955395
1760637386723443161,894.5433349609376,571.8518066406251,3.2300212747775428,-0.39980768288486124
1760637386728451161,897.1213378906249,573.1773071289064,3.396841815065934,-0.48551823572826847
1760637386733443161,897.9923095703125,573.7447509765625,3.4532045360968793,-0.5222111460424151
1760637386738443161,897.1927490234375,576.2996826171875,3.4015136644582227,-0.6875166848552345
1760637386743443161,896.9774169921875,578.1708984374999,3.387627889875587,-0.8085767749442533
1760637386748442161,895.1854858398438,579.18994140625,3.2717059192821307,-0.8745527155602189
1760637386753446161,894.6047973632811,579.02587890625,3.2341262184687203,-0.8639549611951464
1760637386758442161,894.2193603515625,579.8693237304688,3.209209688376514,-0.9185332137646802
1760637386763452161,890.1210327148438,577.4057617187499,2.9439524617698987,-0.75924703356773
1760637386768442161,889.2993774414062,577.87890625,2.8907999296488596,-0.789880224973022
1760637386773442161,888.4244995117188,579.4378662109375,2.834218642564474,-0.8907728668308103
1760637386778441161,887.2279663085938,578.645751953125,2.7567779577548692,-0.8395470201268694
1760637386783441161,887.1478271484374,578.2252807617188,2.7515801837964897,-0.8123414854829786
1760637386788441161,888.7279663085938,578.3343505859374,2.8538349458607506,-0.8193628748721827
1760637386793441161,889.54443359375,578.5552978515624,2.906673289279969,-0.8336396879823345
1760637386798441161,890.4356079101562,578.0427246093749,2.9643269160640466,-0.8004531712092442
1760637386803441161,889.2189331054688,578.0475463867188,2.88559532550131,-0.800793841123595
1760637386808440161,888.0261840820312,579.0596313476561,2.8084346784476755,-0.8663088342087986
1760637386813447161,887.324462890625,579.4465942382811,2.763041241223771,-0.8913644008886075
1760637386818440161,885.7848510742188,579.4120483398439,2.663409271800795,-0.8891652789284643
1760637386823455161,886.6965332031249,578.7828979492188,2.722387955283855,-0.8484335248450426
1760637386828440161,887.0367431640625,580.39599609375,2.7444426361138263,-0.9528034063201799
1760637386833565161,888.1508178710938,585.1227416992188,2.816692377154221,-1.258607517989129
1760637386838565161,888.2783203124999,586.3709716796875,2.8249910569957866,-1.339363973333489
1760637386843564161,887.739501953125,587.0449218749999,2.7901502620395515,-1.3829867444922845
1760637386848564161,887.7762451171875,584.8890991210938,2.7924383754115056,-1.2435025215267002
1760637386853564161,888.703857421875,584.1657714843751,2.852441587270068,-1.1966732761828947
1760637386858564161,889.5283203125,584.2327270507812,2.9057990250662074,-1.2009791207953346
1760637386863564161,896.3842163085938,585.1153564453125,3.349488113550236,-1.2578373407206935
1760637386868564161,900.0823974609375,584.7923583984375,3.5887769609324627,-1.2367962035968105
1760637386873563161,903.8728637695312,585.9400024414062,3.8340968653518104,-1.3108583226148092
1760637386878569161,924.167236328125,582.8522338867188,5.146859223828261,-1.1101851200720467
1760637386883563161,921.8950805664062,583.5263671875,4.999928194402947,-1.153882378109568
1760637386888563161,913.2949829101562,586.7477416992188,4.443766380856319,-1.3626096449947245
1760637386893563161,911.8975219726562,584.8980712890626,4.35324588378614,-1.2430902080999562
1760637386898567161,911.1853637695311,583.0859374999999,4.307073804996853,-1.1259511207282968
1760637386903573161,909.3611450195314,581.1990966796875,4.188966173868993,-1.0040186628746663
1760637386908563161,920.7838745117189,587.5260009765625,4.928306830766193,-1.4124717246889527
1760637386913562161,930.5543823242188,586.9168090820314,5.560263253532453,-1.3724429223445003
1760637386918562161,947.4271850585938,588.8823852539062,6.6515703885495805,-1.4980199780005015
1760637386923562161,943.3359375,588.9022216796875,6.387037161994987,-1.4996689192439965
1760637386928563161,936.2620239257814,588.7732543945311,5.929564751765873,-1.4919394198530054
1760637386933562161,935.5953979492189,585.3244018554686,5.886165729779611,-1.2692091002153463
1760637386938561161,933.1127929687501,585.0108032226562,5.725581152203442,-1.2491215394216886
1760637386943561161,930.465087890625,584.659912109375,5.554320988954542,-1.2266257447776536
1760637386948561161,930.3265380859376,560.1317138671876,5.544936309034944,0.358410482935322
1760637386953561161,930.4702758789062,565.6851806640626,5.554102422901101,-0.00048638690564837086
1760637386958561161,930.2749633789062,567.8931884765625,5.5414529125582375,-0.1431804996533297
1760637386963688161,926.4003295898438,566.1497802734375,5.29088059266715,-0.030562338204123282
1760637386968686161,926.6539306640626,561.674560546875,5.307361839134391,0.2586996931678149
1760637386973688161,928.0186767578124,563.1697387695312,5.3955942228326155,0.16206310664053025
1760637386978685161,929.0877075195314,565.6100463867188,5.464688416476465,0.0043534485907742206
1760637386983685161,930.6951293945312,565.9451293945312,5.5686370654548885,-0.017282673663505745
1760637386988696161,930.8624877929688,567.3004150390626,5.579449254911019,-0.1048633943111738
1760637386993685161,930.9757690429688,567.2339477539062,5.5867780478904425,-0.100566267739302
1760637386998685161,931.8427124023436,566.153564453125,5.642853900976247,-0.030737534611509312
1760637387003685161,932.55810546875,566.1186523437499,5.689114772224744,-0.028472105011953554
1760637387008696161,935.5390625,563.9976196289062,5.881910521926693,0.10860839193775391
1760637387013684161,934.0331420898438,567.342529296875,5.784491533794801,-0.10753212084655446
1760637387018684161,933.1700439453124,570.7803955078125,5.728688888275798,-0.32968604197011353
1760637387023684161,934.3014526367189,572.4010620117186,5.801874365232484,-0.4343684153611094
1760637387028684161,941.9861450195312,577.2678222656251,6.298920891512652,-0.7484366341074444
1760637387033692161,943.1111450195311,579.313720703125,6.3717580288216675,-0.8805041580026074
1760637387038684161,946.1281738281251,581.204345703125,6.566937514543953,-1.0024043342630693
1760637387043683161,947.50341796875,584.2543334960938,6.656071483212618,-1.1992286456743833
1760637387048683161,946.9724731445312,582.950927734375,6.621640499606585,-1.1151165702917056
1760637387053683161,948.3379516601562,584.7587890624999,6.710070958790739,-1.2317314731611073
1760637387058683161,946.3683471679688,586.5430908203125,6.582879176066762,-1.3470866306907334
1760637387063683161,944.2666625976562,588.7034301757814,6.447197468204458,-1.4867508742041253
1760637387068687161,943.7012939453124,591.620849609375,6.410949654279201,-1.6751751158622281
1760637387073682161,943.373046875,594.1439819335938,6.390028784851452,-1.8381192216681148
1760637387078682161,943.3345947265625,594.2434692382812,6.387556256371908,-1.84454674630774
1760637387083682161,942.9787597656251,595.7011108398436,6.364736594354895,-1.9386992416569566
1760637387088682161,942.0712890625,599.3111572265626,6.306557043004726,-2.171888070144324
1760637387093814161,941.4705810546875,601.4403686523438,6.268034776085854,-2.3094343060777764
1760637387098807161,942.9780273437499,601.679443359375,6.3655767076228065,-2.3246773030894095
1760637387103806161,944.9588623046875,603.4774780273438,6.493997924397386,-2.440486699050502
1760637387108806161,943.6805419921875,606.0970458984376,6.411782937357943,-2.609763954453718
1760637387113819161,940.943115234375,604.955810546875,6.234498547261092,-2.5364726806665647
1760637387118806161,937.9101562500001,608.2936401367188,6.038888759621097,-2.752401752450077
1760637387123806161,939.9345703125,614.0858764648438,6.171046089871673,-3.1260436990710962
1760637387128810161,941.0181274414062,615.86083984375,6.2415541326737145,-3.2404384417034025
1760637387133814161,941.1239624023438,615.8258666992189,6.248397982222068,-3.238162990061431
1760637387138805161,941.0186157226562,617.1286010742188,6.241881981753876,-3.322268463758251
1760637387143805161,941.9420776367188,619.9990844726562,6.302342816286829,-3.507370991469622
1760637387148805161,944.7810058593751,622.7400512695314,6.486792074823023,-3.6837057664266646
1760637387153813161,944.80517578125,624.3438110351562,6.4888001504390065,-3.787182945086349
1760637387158811161,945.0650634765625,626.3857421875,6.506203472444199,-3.9188768268487815
1760637387163804161,947.886474609375,627.4656982421875,6.68915691955216,-3.987936352625795
1760637387168805161,948.6653442382811,626.1627197265625,6.739181225033334,-3.9037118605883956
1760637387173804161,950.2754516601562,626.6130981445312,6.843532855172788,-3.932406573356157
1760637387178804161,949.1945190429688,628.1175537109375,6.7740288501787385,-4.029690706364453
1760637387183804161,947.6084594726564,631.0328979492188,6.672279522113059,-4.218104425138041
1760637387188804161,948.4003906250001,635.4593505859376,6.7250359032622375,-4.503411210673862
1760637387193813161,949.6781616210936,636.7989501953125,6.808248097920503,-4.589477069377452
1760637387198803161,949.0797119140625,638.1719970703125,6.769992208379262,-4.678174752838713
1760637387203814161,945.7973022460938,639.659912109375,6.557942155407045,-4.774980930816533
1760637387208803161,944.1397705078124,644.8056640625,6.452470374243709,-5.107277245219223
1760637387213803161,941.3569335937501,646.5076904296875,6.272788587748183,-5.217792013320789
1760637387218803161,941.8602905273439,647.5358276367186,6.305805722196025,-5.283964660210536
1760637387223928161,940.65966796875,648.7392578125,6.2284538298456305,-5.361903482438178
1760637387228928161,940.7072143554688,649.3744506835938,6.231786962160596,-5.402855481784188
1760637387233927161,940.0071411132811,648.736328125,6.186161298504912,-5.361891428245194
1760637387238927161,938.651611328125,648.2387084960938,6.098113329914277,-5.33015875654909
1760637387243927161,937.5486450195312,647.639404296875,6.026403173818313,-5.291791583659261
1760637387248927161,937.5159912109375,647.0587158203125,6.0240740793113385,-5.2543425918429305
1760637387253927161,937.6355590820312,646.7554321289062,6.031710230803413,-5.234747935309541
1760637387258927161,936.4727783203126,644.9318237304686,5.955697055530341,-5.1174018941682204
1760637387263927161,935.2570190429688,643.2723388671875,5.876343917753133,-5.010635361415663
1760637387268926161,935.1483154296876,643.2325439453125,5.86928150215134,-5.008093782975222
1760637387273932161,933.5383911132812,642.154296875,5.764602022931724,-4.938901871769877
1760637387278926161,929.9813842773438,613.8326416015624,5.52687728886943,-3.1112261636032397
1760637387283926161,927.2415771484375,613.3827514648436,5.3494631251783495,-3.082557921264694
1760637387288926161,910.3372802734375,567.9695434570312,4.25184489536813,-0.14843081540309513
1760637387293926161,900.458740234375,547.26220703125,3.6133724721336784,1.1911133914522265
1760637387298925161,910.2999267578125,548.7743530273438,4.250062215994757,1.0930395386033886
1760637387303925161,905.0888061523438,548.1763916015626,3.9129240785629276,1.1318543926134037
1760637387308929161,902.7731323242188,548.2267456054689,3.763076558362018,1.1286550512022926
1760637387313928161,885.492919921875,534.3763427734375,2.6455961384454016,2.0254017517186123
1760637387318925161,889.0050659179688,535.67529296875,2.872863852888406,1.9412158508680586
1760637387323932161,888.6489868164062,535.1326293945311,2.849852945574633,1.9763467753384665
1760637387328924161,888.6987915039062,539.2103881835938,2.8527899269177386,1.7124531962655922
1760637387333924161,892.78564453125,539.0330200195312,3.1173299836615023,1.7237998380955384
1760637387338924161,893.5083618164062,537.6998901367186,3.1642055719353,1.810039447759929
1760637387343924161,895.2252807617188,535.8072509765625,3.2754898440823177,1.9324392031691207
1760637387348924161,893.6001586914064,537.2377319335939,3.170181987459061,1.8399413304421595
1760637387353933161,890.5263671875,539.131591796875,2.9710888033423593,1.7174954851066355
1760637387359060161,889.0486450195314,539.7146606445312,2.875397853070481,1.679808611766336
1760637387364048161,887.3630981445312,547.2622680664062,2.7658894301076664,1.1913967928942044
1760637387369048161,879.3123168945312,560.15380859375,2.244500109625573,0.3571096348541685
1760637387374048161,875.4627685546875,553.5989379882812,1.995505563432758,0.7814078710057194
1760637387379048161,871.7999877929688,556.9262084960938,1.7584023765849355,0.566047024849173
1760637387384048161,867.8814086914062,561.224609375,1.5047564715673418,0.2878013345739606
1760637387389048161,865.2188720703125,560.9465332031251,1.3324581195646001,0.3058023776640597
1760637387394047161,863.4337768554688,560.4970092773438,1.2169391301321746,0.33490314917287717
1760637387399047161,856.3043212890625,542.719970703125,0.7557647573729136,1.4858172323756844
1760637387404047161,853.1455688476562,549.4880981445311,0.5512279124877117,1.047640399948764
1760637387409047161,843.1572265625,546.9325561523438,-0.09520168112980498,1.213085730512088
1760637387414051161,838.9308471679688,544.7138061523438,-0.36873709701047563,1.3567126155580833
1760637387419047161,835.7241821289061,544.0363159179688,-0.5762723949413131,1.400550631234155
1760637387424047161,835.8615112304686,544.1646728515625,-0.5673794886419565,1.3922419629302791
1760637387429054161,835.8969726562499,545.9876098632814,-0.5650708847024921,1.2742244460697227
1760637387434046161,835.6213378906251,549.1588745117188,-0.5828908482470554,1.06891376634236
1760637387439046161,831.2677612304688,547.2435913085936,-0.8646361515100814,1.1928744719663056
