timestamp [ns],gyro x [deg/s],gyro y [deg/s],gyro z [deg/s],acceleration x [G],acceleration y [G],acceleration z [G],roll [deg],pitch [deg],yaw [deg],quaternion w,quaternion x,quaternion y,quaternion z
1760637382009784161,-4.8236847,24.492264,13.326645,0.2680664,-0.4916992,0.71875,-5.487926,-29.962048,0.048955098,0.9648984,-0.2581829,-0.046356056,0.012787316
1760637382020454161,-5.5561066,27.059555,12.472153,0.2475586,-0.4873047,0.72119135,-5.230553,-30.029133,0.24056321,0.96482694,-0.25870165,-0.04461474,0.013846445
1760637382031124161,-4.886627,29.132843,11.49559,0.23291016,-0.4790039,0.7236328,-4.9191875,-30.08094,0.4328604,0.964804,-0.25910375,-0.04242372,0.014781016
1760637382041768161,-3.1166077,28.949738,8.260727,0.18652344,-0.46875,0.69970703,-4.618398,-30.126907,0.59004545,0.96478754,-0.25947374,-0.0402443,0.015439474
1760637382052413161,-2.1400452,28.949738,6.1855316,0.15820312,-0.4633789,0.6977539,-4.326361,-30.156578,0.80026054,0.9647909,-0.25969234,-0.038260616,0.016557155
1760637382063058161,-0.6122589,28.215408,4.781723,0.14208984,-0.43847656,0.68066406,-4.0446525,-30.174496,0.95032597,0.96481955,-0.2598359,-0.036228605,0.017187238
1760637382071068161,0.7915497,27.421951,3.0727386,0.1171875,-0.44677734,0.67089844,-3.525334,-30.170172,1.0956756,0.9649623,-0.25983402,-0.03218537,0.017232455
1760637382079080161,1.9512177,25.957108,1.1806488,0.087890625,-0.43652344,0.6850586,-3.29435,-30.150438,1.2099576,0.9650531,-0.25967178,-0.030498903,0.017666776
1760637382087092161,3.5991669,24.614334,0.38719177,0.07373047,-0.43554688,0.6894531,-3.077996,-30.1144,1.3099207,0.9651755,-0.25937602,-0.028902058,0.018011153
1760637382095104161,5.918503,23.210526,-0.3452301,0.056152344,-0.43554688,0.69384766,-2.876507,-30.058153,1.40744,0.96533716,-0.25891018,-0.027423054,0.018366143
1760637382105758161,7.993698,22.172928,-0.83351135,0.04882812,-0.4272461,0.6586914,-2.6877604,-29.9854,1.5095533,0.96552926,-0.2583039,-0.0260595,0.018787697
1760637382116412161,9.151459,20.34378,-1.3217926,0.023925785,-0.40820312,0.66308594,-2.52077,-29.902826,1.6555235,0.96572834,-0.25760347,-0.024975533,0.019628592
1760637382127066161,10.74028,17.412186,-0.5893707,0.042968754,-0.40478516,0.65722656,-2.372,-29.803322,1.7673794,0.96596456,-0.25676665,-0.0239649,0.020222917
1760637382137774161,15.010834,14.850616,0.44822693,0.037597656,-0.3798828,0.67285156,-2.2332463,-29.68438,1.8177953,0.96625066,-0.25577793,-0.022897497,0.02032167
1760637382148482161,16.784668,13.080597,0.81443787,0.0014648475,-0.3725586,0.66748047,-2.1000798,-29.549,1.896858,0.9665648,-0.25464436,-0.02193772,0.020675167
1760637382159190161,18.737793,12.104034,1.8520355,0.03515625,-0.3466797,0.66845703,-1.9785439,-29.396315,2.0160816,0.966905,-0.25335595,-0.021160703,0.021394446
1760637382169836161,20.68901,12.590408,2.5234222,0.034179688,-0.33935547,0.65722656,-1.7288022,-29.041916,2.1784728,0.967699,-0.25038266,-0.019367341,0.022182187
1760637382180482161,22.520065,12.960434,3.255844,0.03466797,-0.32421875,0.6538086,-1.5945592,-28.839222,2.322478,0.9681351,-0.24867304,-0.018519789,0.023090083
1760637382191128161,25.0206,13.507843,3.7441254,0.039550778,-0.30859375,0.65625,-1.4535644,-28.616398,2.5119004,0.9686009,-0.24678902,-0.017704487,0.024371132
1760637382199115161,28.316498,14.17923,4.9648285,0.028808597,-0.2680664,0.67626953,-1.3077816,-28.374828,2.701375,0.96910024,-0.24474943,-0.016838063,0.025647614
1760637382207100161,29.417038,13.628006,5.8193207,0.023925785,-0.23486328,0.71533203,-1.1579534,-28.122948,2.88275,0.96961725,-0.24262692,-0.015910182,0.026853442
1760637382215085161,30.51567,12.407303,6.795883,0.032226566,-0.23632811,0.734375,-1.011426,-27.8629,3.077768,0.9701395,-0.24043456,-0.015028992,0.028188631
1760637382223070161,30.332565,11.552811,7.7114105,0.01171875,-0.2241211,0.7084961,-0.86723286,-27.595299,3.2935321,0.9706633,-0.23817708,-0.014200068,0.02971165
1760637382233759161,29.478073,8.562088,8.932114,0.04296875,-0.23242188,0.7055664,-0.73436475,-27.33041,3.4604592,0.9711837,-0.23594742,-0.013357284,0.030851608
1760637382244448161,25.938034,5.6324005,10.152817,0.061523438,-0.23339844,0.75390625,-0.62370646,-27.07791,3.6574767,0.97166073,-0.23381484,-0.012759605,0.032298375
1760637382255137161,21.7247,3.6811829,11.068344,0.067871094,-0.25195312,0.855957,-0.53121865,-26.860125,3.9020488,0.97204316,-0.23196761,-0.012413557,0.034189932
1760637382265904161,18.611908,2.0942688,12.289047,0.049316406,-0.2631836,0.934082,-0.41120532,-26.407259,4.2973566,0.9728427,-0.22811943,-0.012054867,0.037320405
1760637382276672161,16.90483,1.7261505,14.181137,0.071777344,-0.2763672,0.9326171,-0.3653131,-26.192652,4.543232,0.9731911,-0.22628646,-0.0120838,0.03932743
1760637382287440161,16.784668,0.8125305,15.707016,0.0703125,-0.26757812,0.9047851,-0.32628974,-25.980026,4.80588,0.97352165,-0.22446632,-0.0121964505,0.041493297
1760637382298016161,15.987396,5.634308,18.270493,0.08691406,-0.29003906,1.003418,-0.2725473,-25.766634,5.0877757,0.97383916,-0.222643,-0.012212511,0.043796964
1760637382308591161,17.81845,9.113312,19.247055,0.07324219,-0.30615234,1.0668945,-0.1574657,-25.585554,5.388923,0.9740839,-0.22111756,-0.011747737,0.04614687
1760637382319166161,20.627975,14.787674,20.589828,0.080078125,-0.3227539,1.0229492,0.017007792,-25.420822,5.7017307,0.9742889,-0.21975835,-0.010798583,0.04848503
1760637382327201161,21.177292,20.467758,21.20018,0.083496094,-0.31689453,0.9541015,0.4387078,-24.944843,6.2122626,0.97500324,-0.21585333,-0.007969778,0.05208089
1760637382335234161,19.34433,23.88382,21.871567,0.031738285,-0.31933594,0.93164057,0.72591466,-24.734514,6.4635735,0.9752983,-0.21418108,-0.005896165,0.053711504
1760637382343267161,18.432617,23.88382,22.787094,-0.0029296838,-0.3540039,0.93701166,1.0218652,-24.54413,6.777631,0.9755139,-0.21268895,-0.003865553,0.055866368
1760637382351300161,17.637253,23.454666,23.885727,-0.01708984,-0.38720703,0.9414062,1.3249203,-24.372597,7.0947614,0.9756793,-0.21137175,-0.0017804895,0.05803971
1760637382361906161,15.806198,22.966385,24.068832,-0.03271484,-0.40625,0.9536132,1.6252598,-24.225254,7.403105,0.97579116,-0.21027045,0.00029252935,0.060145922
1760637382372512161,12.874603,20.22171,23.580551,-0.046386715,-0.4233398,1.1044922,1.8830445,-24.116499,7.690868,0.9758321,-0.20948516,0.0020247726,0.062151488
1760637382383118161,8.054733,16.435623,23.397446,-0.0961914,-0.43310547,1.4912109,2.1124866,-24.0469,7.9438567,0.9758132,-0.20902517,0.0035593342,0.06390585
1760637382391269161,5.8555603,8.930206,23.031235,-0.15527344,-0.5864258,1.7216796,2.317264,-23.99391,8.224754,0.975742,-0.20870052,0.004824819,0.06594003
1760637382399420161,10.250092,7.0991516,21.44432,-0.10986328,-0.5161133,1.2714844,2.4756904,-23.925724,8.53871,0.9756731,-0.20822749,0.0056477264,0.06834622
1760637382407571161,13.181686,10.335922,19.247055,-0.11865234,-0.46972656,0.9077148,2.624509,-23.819122,8.849294,0.97566706,-0.20742719,0.0064247744,0.070755504
1760637382415722161,11.045456,12.712479,16.805649,-0.12451171,-0.5283203,0.65966797,2.8305788,-23.743385,9.183482,0.97557896,-0.20693287,0.0076290797,0.07325424
1760637382426201161,-1.5869141,8.50296,12.655258,-0.13916016,-0.5258789,0.9360351,2.996905,-23.657974,9.4214115,0.97556424,-0.2063309,0.008679071,0.07501082
1760637382436680161,-13.307571,5.449295,9.847641,-0.29882812,-0.55566406,1.645996,3.1218314,-23.726011,9.557573,0.97534454,-0.20700255,0.009445641,0.07591905
1760637382447159161,-7.8144073,13.566971,12.716293,-0.36035156,-0.76123047,1.4384766,3.235771,-23.82967,9.772853,0.97500724,-0.20797831,0.009945769,0.07750461
1760637382457821161,1.8920898,8.808136,10.519028,-0.29638672,-0.5957031,0.79882807,3.5675228,-23.889328,10.2669935,0.97452796,-0.20876172,0.011821636,0.0810803
1760637382468484161,-4.518509,13.505936,7.7114105,-0.1772461,-0.51904297,0.5571289,3.742217,-23.953697,10.435249,0.97427493,-0.20945102,0.012946829,0.082164295
1760637382479147161,-17.58194,23.334503,5.2700043,-0.24658202,-0.6142578,0.6640625,4.0910287,-24.260033,10.643976,0.97353405,-0.21232836,0.015268249,0.08315611
1760637382487137161,-34.122467,23.029327,0.81443787,-0.40234375,-0.76220703,1.0649414,4.325785,-24.515917,10.814671,0.97291493,-0.21469343,0.01672282,0.08404455
1760637382495127161,-39.613724,21.32225,-0.16212463,-0.36035156,-0.8105469,1.175293,4.5371437,-24.828648,10.951403,0.9722121,-0.21751966,0.01798373,0.08464857
1760637382503117161,-43.823242,19.794464,-1.2607574,-0.375,-0.8261719,1.262207,4.7364683,-25.185472,11.048933,0.97144884,-0.22070387,0.019169392,0.0849076
1760637382511107161,-43.092728,15.764236,-2.4204254,-0.37841797,-0.83496094,1.3012695,4.909578,-25.57056,11.070536,0.97068226,-0.22409287,0.020247862,0.08454631
1760637382520716161,-41.872025,12.224197,-4.190445,-0.35156247,-0.8544922,1.3608398,5.1352615,-26.311827,11.157535,0.9691602,-0.23053694,0.021312347,0.08441963
1760637382530325161,-35.52437,7.463455,-6.204605,-0.3095703,-0.88623047,1.3359375,5.1907396,-26.613823,11.124336,0.9685857,-0.23311958,0.021572763,0.083853215
1760637382539934161,-26.491165,9.29451,-8.462906,-0.26953125,-0.8520508,1.2495117,5.2356215,-26.837626,11.112926,0.9681452,-0.23503749,0.021771029,0.08353542
1760637382549543161,-17.58194,1.4228821,-11.026382,-0.35888672,-0.80859375,1.1352539,5.178058,-26.968172,11.122416,0.96789044,-0.23609775,0.021146053,0.08365818
1760637382559152161,-4.5166016,-4.436493,-12.735367,-0.20117188,-0.80371094,1.0327148,5.0858955,-26.999153,11.118735,0.96784824,-0.23629087,0.02034695,0.08379924
1760637382568772161,9.4566345,-6.328583,-14.932632,-0.19726561,-0.67285156,0.76220703,4.986256,-26.964972,11.110098,0.96793985,-0.23592831,0.01955425,0.083951004
1760637382578389161,11.350632,-10.6601715,-15.604019,-0.14111327,-0.5986328,0.66503906,4.9054513,-26.992895,11.11937,0.9678911,-0.23610598,0.018827256,0.08418009
1760637382588006161,12.937546,-13.715744,-16.21437,-0.12402344,-0.56884766,0.6196289,4.751128,-26.95205,11.060387,0.9680402,-0.23563898,0.017682035,0.08402205
1760637382597623161,13.181686,-16.27922,-16.641617,-0.0859375,-0.5151367,0.5996094,4.5478363,-26.849884,10.921853,0.96837443,-0.23460835,0.016339973,0.08332353
1760637382607240161,13.118744,-17.864227,-16.21437,-0.0625,-0.4580078,0.609375,4.3229914,-26.746286,10.849438,0.9686627,-0.2335611,0.014678956,0.08322453
1760637382616821161,13.120651,-18.598557,-15.84816,-0.06005859,-0.421875,0.6245117,4.08647,-26.641235,10.764626,0.96896017,-0.2324926,0.012943429,0.08304095
1760637382626402161,13.240814,-20.122528,-15.237808,-0.051269528,-0.37402344,0.6430664,3.8427346,-26.535763,10.648256,0.9692777,-0.23141354,0.011208481,0.08260074
1760637382635983161,13.54599,-20.793915,-14.200211,-0.05371093,-0.34472656,0.62109375,3.5942721,-26.428228,10.568435,0.9695686,-0.23031898,0.009358692,0.08247541
1760637382645564161,13.85498,-22.319794,-12.857437,-0.053710934,-0.33251953,0.59814453,3.345185,-26.317562,10.544622,0.9698207,-0.22920235,0.0073917164,0.08282194
1760637382655145161,13.54599,-22.5029,-11.087418,-0.035644528,-0.30273438,0.56640625,3.0902047,-26.198996,10.548476,0.9700634,-0.22801523,0.0053249327,0.083413005
1760637382664738161,13.120651,-20.856857,-9.92775,-0.006835934,-0.29003906,0.5449219,2.62444,-25.975443,10.528389,0.9705261,-0.22578298,0.0016062865,0.084252775
1760637382674330161,12.386322,-17.803192,-8.768082,-0.018066406,-0.2763672,0.53564453,2.4386208,-25.871977,10.538149,0.9707201,-0.22477046,9.83607e-05,0.08473869
1760637382683922161,10.74028,-14.02092,-8.096695,-0.020507809,-0.26416016,0.51708984,2.2814999,-25.782217,10.515701,0.9709089,-0.22389449,-0.001115201,0.08488782
1760637382693514161,10.250092,-13.225555,-7.4863434,-0.020507809,-0.25439453,0.4912109,2.13817,-25.696325,10.439064,0.97112846,-0.22306237,-0.0021103686,0.08454721
1760637382703106161,9.580612,-11.274338,-6.7539215,-0.006835934,-0.2602539,0.48193356,2.0164733,-25.618708,10.414506,0.9712925,-0.22231576,-0.003031359,0.08460115
1760637382712725161,8.543015,-7.429123,-6.4487457,0.011230469,-0.24853516,0.4394531,1.9080464,-25.546562,10.4609995,0.9713926,-0.22162288,-0.0039822925,0.08522843
1760637382722341161,7.991791,-6.6947937,-7.1811676,-0.033203125,-0.24121094,0.41894528,1.8180135,-25.477617,10.456241,0.9715241,-0.22097194,-0.004680735,0.085383564
1760637382731957161,8.420944,-6.6928864,-8.15773,-0.0083007775,-0.2446289,0.43603513,1.7277243,-25.407434,10.451138,0.9716574,-0.22031014,-0.0053799497,0.08553563
1760637382741573161,9.029388,-6.389618,-9.317398,-0.007324215,-0.23876953,0.4550781,1.6336012,-25.334429,10.455645,0.9717878,-0.21962087,-0.006128099,0.08577635
1760637382751189161,10.6163025,-7.24411,-10.843277,-0.01708984,-0.2314453,0.46093747,1.5363833,-25.254358,10.460993,0.9719297,-0.21886899,-0.0068986034,0.08603104
1760637382760779161,11.4097595,-9.807587,-12.857437,-0.031249996,-0.21728514,0.5180664,1.274397,-25.064445,10.322699,0.972373,-0.21707207,-0.008707257,0.08540859
1760637382770374161,10.799408,-11.02829,-14.07814,-0.014160156,-0.21386719,0.61083984,1.1182152,-24.973095,10.242074,0.9725916,-0.2161875,-0.009808748,0.085043184
1760637382779969161,10.250092,-10.784149,-15.115738,-0.05566406,-0.21679686,0.7089844,0.96085227,-24.88612,10.196505,0.9727737,-0.21533689,-0.0109912,0.08497396
1760637382789564161,9.7026825,-10.35881,-15.97023,-0.034179684,-0.22021484,0.734375,0.80825037,-24.806376,10.041295,0.97302145,-0.21456309,-0.011934586,0.08396088
1760637382799159161,8.054733,-8.893967,-15.97023,-0.055175774,-0.21728516,0.7133789,0.66753066,-24.743483,9.913471,0.9732165,-0.21394035,-0.012843226,0.08315218
1760637382808753161,0.7324219,-8.342743,-16.763687,-0.05322265,-0.24951172,0.6269531,0.53531647,-24.709839,9.843098,0.9733145,-0.2135671,-0.013809875,0.08280801
1760637382818347161,-4.0302277,-5.716324,-16.641617,-0.029296871,-0.29882812,0.66552734,0.3972532,-24.714031,9.766016,0.97334504,-0.21351281,-0.014842016,0.08240975
1760637382827941161,-9.584427,-5.048752,-17.190933,-0.049316403,-0.32910156,0.7558593,0.2839959,-24.76332,9.6742325,0.97330403,-0.21386248,-0.015668722,0.081832305
1760637382837535161,-12.8211975,-4.131317,-17.557144,-0.07324218,-0.36132812,0.85107416,0.17029665,-24.854528,9.559283,0.97319955,-0.21457238,-0.016485006,0.08105269
1760637382847129161,-11.966705,-5.4740906,-18.655777,-0.05957031,-0.38671875,0.9042968,0.09467801,-24.95164,9.467987,0.9730708,-0.21535711,-0.017024744,0.080403134
1760637382856736161,-9.767532,-2.42424,-19.449234,-0.021484371,-0.40185547,0.90087885,-0.08934792,-25.10243,9.222714,0.9729285,-0.2165475,-0.018229747,0.07864407
1760637382866343161,-6.351471,-0.8354187,-21.6465,-0.04882812,-0.3881836,0.9467773,-0.1779096,-25.138887,9.063219,0.9729539,-0.21682245,-0.018704757,0.07745218
1760637382875950161,-2.1381378,-1.2645721,-23.355484,-0.06689453,-0.42236328,1.0986328,-0.2855259,-25.148577,8.9269,0.9730092,-0.21685508,-0.019366995,0.07649708
1760637382885557161,2.9258728,-0.7133484,-24.087906,-0.08789062,-0.4482422,1.1777344,-0.38972804,-25.110826,8.7236805,0.9731972,-0.21650037,-0.019843081,0.07497295
1760637382895164161,7.6293945,-1.5068054,-24.209976,-0.09374999,-0.47802734,1.0581055,-0.50895065,-25.036396,8.520167,0.9734489,-0.21582662,-0.020424727,0.07347736
1760637382904746161,9.092331,-4.1942596,-24.02687,-0.04980468,-0.4736328,0.9467773,-0.62176204,-24.97192,8.336613,0.9736668,-0.21524024,-0.02099815,0.072136335
1760637382914328161,7.9345703,-3.7651062,-24.332047,-0.022949219,-0.5019531,0.9643554,-0.7448237,-24.913063,8.163421,0.9738628,-0.21469545,-0.021683577,0.07090045
1760637382923910161,6.4697266,-4.2533875,-24.881363,-0.018066403,-0.52490234,1.1113281,-0.8852905,-24.861618,8.006824,0.9740286,-0.21420208,-0.022554168,0.06983607
1760637382933492161,2.1953583,-4.7397614,-25.369644,0.0063476562,-0.5263672,1.5297852,-1.0236795,-24.84937,7.847721,0.9741195,-0.21404606,-0.023426197,0.06874291
1760637382943074161,-1.7089844,-1.5068054,-24.087906,-0.05566406,-0.5986328,1.9609374,-1.1162391,-24.86012,7.699846,0.97416824,-0.21411297,-0.023942811,0.06765823
1760637382952688161,6.832123,6.855011,-20.669937,0.0146484375,-0.57910156,1.5522461,-1.1636306,-24.833847,7.565492,0.9742864,-0.21388993,-0.024080401,0.06660555
1760637382962302161,9.7026825,11.674881,-19.327164,0.034667965,-0.52490234,1.2749023,-1.1765397,-24.764357,7.368271,0.9745277,-0.21333274,-0.023785304,0.06495506
1760637382971916161,8.785248,15.277863,-16.946793,0.07421875,-0.54833984,1.1293945,-1.1391745,-24.672924,7.2180142,0.9747906,-0.21260656,-0.023140393,0.06361061
1760637382981530161,-2.8095245,9.5386505,-16.458511,0.01806641,-0.5625,1.4711914,-1.0815141,-24.615843,7.141374,0.97495073,-0.2121679,-0.022478368,0.06285369
1760637382991144161,-8.6689,11.552811,-12.796402,0.05712891,-0.7373047,1.425293,-1.0613352,-24.65929,7.0432935,0.9749271,-0.21256773,-0.022147074,0.06198028
1760637383001980161,-6.1073303,11.066437,-11.453629,0.09814453,-0.6665039,0.92724603,-0.9861088,-24.83118,6.8779035,0.97470814,-0.21410185,-0.0212853,0.06042683
1760637383012814161,-12.69722,2.8247833,-9.683609,0.12792969,-0.5722656,0.7294922,-1.0860072,-25.064034,6.83924,0.9742699,-0.21603714,-0.022176977,0.060277157
1760637383023648161,-26.737213,-5.718231,-7.730484,0.20166016,-0.64453125,0.92431635,-1.180045,-25.327055,6.841467,0.97374946,-0.21822345,-0.023109198,0.06046653
1760637383031522161,-40.039062,-16.582489,-5.2280426,0.14990234,-0.8041992,1.4599609,-1.3090222,-25.66183,6.773795,0.97311324,-0.22101428,-0.024237322,0.06013149
1760637383039396161,-40.836334,-24.333954,-3.0918121,0.234375,-0.7763672,1.4160156,-1.4993204,-26.01418,6.753087,0.97239405,-0.22391082,-0.025980901,0.06032125
1760637383047270161,-43.58101,-26.777267,-0.95558167,0.2602539,-0.7324219,1.3266602,-1.7347833,-26.380264,6.7878222,0.9715947,-0.22688432,-0.028219998,0.06108011
1760637383055144161,-44.742584,-23.723602,0.875473,0.31396484,-0.75097656,1.2392578,-1.9739544,-26.763597,6.8059716,0.97075295,-0.23000172,-0.03046372,0.06171773
1760637383065831161,-45.167923,-21.83342,2.3403168,0.29248047,-0.7753906,1.1787109,-2.1785617,-27.16038,6.803901,0.96988904,-0.23325336,-0.032377295,0.062126797
1760637383076518161,-46.207428,-21.831512,4.049301,0.31445312,-0.7836914,1.1601562,-2.3701777,-27.561466,6.86996,0.968967,-0.23652454,-0.034320094,0.06309644
1760637383087205161,-47.60933,-14.875412,5.6972504,0.34423828,-0.79785156,1.1386719,-2.5396895,-27.973104,6.941346,0.9680106,-0.2398898,-0.03609269,0.064074814
1760637383095179161,-45.719147,-7.4272156,6.795883,0.3154297,-0.8095703,1.0439453,-2.6360755,-28.391315,6.995442,0.9670578,-0.24335185,-0.037215613,0.064760596
1760637383103153161,-42.663574,-1.0185242,7.833481,0.28271484,-0.78027344,0.95800775,-2.6642396,-28.789888,7.089106,0.9661335,-0.24666959,-0.03784057,0.06563594
1760637383111127161,-39.0625,5.5732727,9.298325,0.2758789,-0.7402344,0.8740234,-2.6300159,-29.161795,7.207018,0.965262,-0.24978681,-0.037984688,0.066577315
1760637383119101161,-34.244537,11.432648,10.213852,0.24414062,-0.68359375,0.790039,-2.5275822,-29.49984,7.352818,0.964461,-0.25264713,-0.03760619,0.06759707
1760637383129772161,-31.129837,16.618729,11.739731,0.2084961,-0.65625,0.73876953,-2.4697554,-29.883488,7.4214125,0.96357864,-0.2558887,-0.037461665,0.06806096
1760637383140443161,-26.554108,20.46585,12.838364,0.17285156,-0.5942383,0.68359375,-2.3508863,-30.22866,7.4538016,0.9628151,-0.25885242,-0.03670753,0.06807667
1760637383151114161,-20.874023,22.785187,13.38768,0.16308594,-0.5493164,0.6381836,-2.144831,-30.489176,7.5873103,0.96220356,-0.26112315,-0.035411894,0.06873448
1760637383161873161,-18.49556,24.187088,13.143539,0.09277344,-0.5024414,0.63378906,-1.6038977,-30.82337,7.8469176,0.9614328,-0.2641806,-0.031643294,0.06966766
1760637383172633161,-12.760162,24.066925,12.7773285,0.13378906,-0.49121094,0.60546875,-1.3215094,-30.931068,8.043804,0.9611376,-0.26520464,-0.029788751,0.070661224
1760637383183393161,-9.462357,24.67537,12.289047,0.05859375,-0.4428711,0.57373047,-1.0416598,-31.007807,8.243602,0.9609047,-0.2659718,-0.027948834,0.07168213
1760637383191328161,-3.2367706,21.196365,10.213852,0.03466797,-0.38720703,0.48681638,-0.78806573,-31.057539,8.431054,0.9607308,-0.26650435,-0.026287515,0.072659574
1760637383199262161,-1.9550323,19.548416,8.687973,0.022949222,-0.37353516,0.46582028,-0.5550218,-31.084454,8.601328,0.96061134,-0.26684082,-0.024746496,0.07354139
1760637383207196161,-0.4901886,18.75496,7.2841644,0.0146484375,-0.35205078,0.4521484,-0.33969346,-31.099903,8.747006,0.9605266,-0.2670787,-0.023290562,0.074258685
1760637383215130161,-0.37002563,16.864777,5.941391,-0.0063476525,-0.34960938,0.42773438,-0.14087866,-31.103737,8.816899,0.9605115,-0.26722607,-0.021789469,0.07438041
1760637383225795161,0.17929077,14.240265,4.720688,-0.0078124963,-0.34375,0.41503903,0.030620456,-31.10601,8.870405,0.96050316,-0.26734662,-0.020478237,0.074428484
1760637383236460161,-0.4272461,13.568878,3.3779144,-0.011718746,-0.33251953,0.43017575,0.176998,-31.107084,8.897437,0.9605086,-0.26744595,-0.019315083,0.0743133
1760637383247125161,-1.0414124,13.813019,2.462387,-0.016601559,-0.3330078,0.4208984,0.31488028,-31.114277,9.00537,0.9604443,-0.26757824,-0.018416114,0.074894644
1760637383257780161,-0.9174347,12.163162,1.4858246,-0.03271484,-0.34716797,0.4521484,0.55591303,-31.127064,9.119294,0.96037674,-0.2678259,-0.016670726,0.0752836
1760637383268435161,0.7324219,10.822296,0.9365082,-0.012695309,-0.35009766,0.4628906,0.6552131,-31.117657,9.162923,0.96038413,-0.26780617,-0.01593405,0.075419344
1760637383279090161,2.2563934,11.1866,0.020980835,-0.00537109,-0.3618164,0.47900388,0.7539039,-31.096235,9.224543,0.9604068,-0.2676834,-0.015236155,0.07571031
1760637383289778161,4.9419403,10.515213,-1.9321442,0.0053710975,-0.36816406,0.5722656,0.84187615,-31.064732,9.263113,0.960466,-0.2674726,-0.014567037,0.07583594
1760637383300467161,7.320404,11.066437,-2.9087067,0.0131835975,-0.36376953,0.58154297,0.9237951,-31.015917,9.295384,0.9605682,-0.2671138,-0.013921585,0.075927734
1760637383311156161,9.519577,10.759354,-2.9087067,-0.0043945275,-0.35839844,0.59765625,1.0062461,-30.946808,9.329125,0.9607158,-0.26658535,-0.013260429,0.07603654
1760637383319156161,12.083054,9.5386505,-3.1528473,0.0029296912,-0.36328125,0.5908203,1.1482501,-30.747688,9.266372,0.961232,-0.2650168,-0.011783921,0.07523404
1760637383327158161,13.912201,8.686066,-1.8100739,-0.010742184,-0.3720703,0.5756836,1.2079629,-30.619875,9.246678,0.96154416,-0.26398608,-0.011147681,0.07496583
1760637383335160161,15.806198,5.9986115,-0.16212463,-0.0058593713,-0.35839844,0.5620117,1.2546481,-30.479088,9.267126,0.9618568,-0.2628337,-0.0107037835,0.07506893
1760637383343162161,16.170502,3.9253235,1.5468597,-0.009765621,-0.35009766,0.5566406,1.2932452,-30.336327,9.347568,0.962132,-0.26165378,-0.010462698,0.07569573
1760637383353872161,16.29448,1.909256,3.7441254,0.0009765625,-0.34228516,0.5756836,1.3247045,-30.19286,9.414427,0.9624151,-0.26046446,-0.010248296,0.076225996
1760637383364582161,16.233444,0.020980835,6.1855316,0.017089847,-0.35986328,0.60839844,1.3565573,-30.047237,9.514542,0.96267885,-0.2592543,-0.010102687,0.077036254
1760637383375292161,16.353607,-0.46920776,8.382797,0.042968754,-0.38378906,0.5751953,1.3914988,-29.904638,9.653292,0.96290743,-0.25806832,-0.010018045,0.0781644
1760637383385909161,10.128021,-4.497528,12.411118,0.0703125,-0.39501953,0.64990234,1.4229888,-29.786814,9.828654,0.9630522,-0.25708503,-0.010060003,0.07960192
1760637383396526161,5.9165955,-4.2533875,14.303207,0.10986328,-0.39111328,0.8037109,1.4432559,-29.7013,9.993565,0.9631285,-0.25636637,-0.01019444,0.080968045
1760637383407143161,2.9258728,-4.7416687,16.195297,0.08203125,-0.42871094,0.8808593,1.4230582,-29.624928,10.10683,0.96321535,-0.2557002,-0.010558724,0.08198816
1760637383417796161,2.3784637,-5.048752,19.002914,0.0859375,-0.41992188,0.8945312,1.4073379,-29.511585,10.468226,0.9632007,-0.25470194,-0.011406871,0.085095316
1760637383428452161,2.2563934,-5.048752,20.95604,0.10449219,-0.42138672,0.93212885,1.4030008,-29.438824,10.653189,0.9632217,-0.25406873,-0.01179545,0.08668202
1760637383439108161,3.1719208,-4.8656464,23.09227,0.10986328,-0.4033203,1.0288086,1.4783072,-29.399565,10.899294,0.96312743,-0.25377133,-0.011675611,0.08859605
1760637383447122161,14.095306,0.50735474,26.449203,0.087402344,-0.43701172,1.2197266,1.5821571,-29.319275,11.190102,0.96308607,-0.25314903,-0.011378428,0.0908366
1760637383455137161,22.274017,3.0708313,27.975082,0.071777344,-0.43017578,1.1113281,1.7265229,-29.172277,11.502109,0.96316993,-0.2520003,-0.010725416,0.093190625
1760637383463152161,27.89116,5.449295,28.76854,0.12695312,-0.41259766,1.0004883,1.8921113,-28.951654,11.826594,0.96339464,-0.25025445,-0.009847602,0.09563376
1760637383471167161,29.90532,9.050369,28.89061,0.10888672,-0.40234375,0.9233398,2.0052412,-28.65124,12.124425,0.96379656,-0.2478014,-0.009267668,0.098003335
1760637383481811161,30.330658,9.479523,28.463364,0.07373047,-0.4194336,0.9252929,2.1563077,-28.34303,12.421867,0.9642039,-0.24531902,-0.008346233,0.100298345
1760637383492455161,27.339935,7.8926086,27.730942,0.076171875,-0.41308594,1.0708008,2.3111303,-28.034313,12.712381,0.9646038,-0.24284074,-0.00736339,0.102535956
1760637383503099161,17.513275,5.695343,26.571274,0.020019535,-0.3828125,1.4848633,2.499131,-27.802134,12.97966,0.9648544,-0.24104246,-0.006114844,0.104484886
1760637383511158161,7.3833466,7.2803497,25.594711,-0.06005859,-0.47558594,1.9179686,2.8552794,-27.606096,13.541688,0.96475005,-0.23970014,-0.004093935,0.10855564
1760637383519216161,-0.97846985,10.087967,24.068832,-0.0336914,-0.62109375,1.8193358,3.0524378,-27.60855,13.750554,0.9645519,-0.23990233,-0.002873905,0.10990018
1760637383527274161,-0.6122589,12.7773285,20.162582,-0.010742184,-0.55029297,1.2792969,3.2623987,-27.583946,13.941096,0.9644222,-0.23989439,-0.0014790967,0.111076236
1760637383535332161,7.0152283,21.259308,16.683578,-0.0122070275,-0.4858398,0.7036133,3.5376384,-27.505754,14.146423,0.9643819,-0.23950481,0.0004935898,0.11226787
1760637383545966161,7.871628,26.262283,12.594223,-0.0122070275,-0.5449219,0.4213867,3.8072104,-27.490103,14.312783,0.9642462,-0.2396405,0.002431755,0.11311244
1760637383556600161,-26.002884,12.289047,5.2700043,0.026367191,-0.45654297,1.043457,3.8981838,-27.829845,14.427173,0.9634408,-0.2425848,0.0025727544,0.11369862
1760637383567234161,-44.132233,16.5596,0.020980835,-0.61083984,-0.58496094,3.0800781,4.159899,-28.202003,14.542875,0.96255296,-0.24596865,0.0041010696,0.11390413
1760637383575235161,-19.411087,30.900955,8.749008,-0.46874997,-1.2944336,1.3364258,4.415785,-28.275206,14.67688,0.9622567,-0.24684274,0.0058774957,0.11443655
1760637383583236161,6.1016083,10.210037,1.1196136,-0.30029297,-0.64697266,0.44140622,4.4964204,-28.230536,14.744579,0.962277,-0.24655287,0.006460906,0.11485819
1760637383591237161,-7.204056,15.275955,2.462387,-0.18847655,-0.52783203,0.1538086,4.6840644,-28.360607,14.789173,0.9619514,-0.24783286,0.007787822,0.114748485
1760637383599238161,-40.348053,21.686554,2.8896332,-0.34326172,-0.7636719,0.33691403,4.9530826,-28.885479,14.906799,0.9607162,-0.25250205,0.00916773,0.11481682
1760637383609905161,-64.884186,10.5781555,-0.22315979,-0.47998044,-0.9042968,0.8500976,5.0645795,-29.479218,15.034367,0.95931494,-0.2575835,0.009108758,0.11525028
1760637383620572161,-69.459915,7.2803497,2.5234222,-0.54589844,-1.0073242,1.4887695,5.1839905,-30.055225,15.182203,0.9579063,-0.26251903,0.009076969,0.115831174
1760637383631239161,-54.01802,10.271072,6.8569183,-0.5292969,-1.1352539,1.5952148,5.3259373,-30.487656,15.336969,0.9567845,-0.2662761,0.009377842,0.11650042
1760637383641873161,-39.676666,-0.5302429,11.739731,-0.42822263,-0.9536132,1.105957,5.4230337,-30.830229,15.543996,0.9558006,-0.26924103,0.0092807785,0.1177612
1760637383652508161,-41.75186,3.4370422,14.974594,-0.35546875,-1.0107422,1.2060547,5.511541,-31.172354,15.780397,0.95477843,-0.27219328,0.009030881,0.11927837
1760637383663143161,-36.563873,6.000519,15.645981,-0.3959961,-1.0869141,1.3432617,5.654046,-31.519064,16.042444,0.9537037,-0.27523956,0.009149496,0.120866634
1760637383671143161,-24.53804,5.2051544,15.1577,-0.38916016,-1.0668945,1.3007812,5.9450216,-31.97562,16.470682,0.95217305,-0.27936646,0.009937207,0.123377904
1760637383679143161,-12.271881,4.59671,14.852524,-0.3203125,-0.97998047,1.1269531,6.0716786,-32.045967,16.660608,0.9517935,-0.28010222,0.0104321195,0.124591604
1760637383687143161,-1.3446808,5.9375763,13.753891,-0.2524414,-0.91406244,0.9731445,6.201507,-32.033257,16.81177,0.9516457,-0.2801531,0.01115797,0.12553976
1760637383695143161,6.4048767,6.549835,11.739731,-0.24511717,-0.82470703,0.88769525,6.310069,-31.955517,16.921501,0.95169365,-0.27964076,0.011897134,0.12624848
1760637383705811161,13.912201,4.901886,9.237289,-0.20166016,-0.77685547,0.8388671,6.417723,-31.859985,17.0081,0.9518062,-0.2789792,0.012710816,0.12678309
1760637383716479161,18.611908,2.6435852,7.101059,-0.20703124,-0.69384766,0.7861328,6.513953,-31.746824,17.099401,0.9519532,-0.2781609,0.013443905,0.12740059
1760637383727147161,24.349213,-1.1405945,4.354477,-0.1689453,-0.61279297,0.72802734,6.5406322,-31.577171,17.151535,0.95227855,-0.27679405,0.013773805,0.12790936
1760637383737807161,29.964447,-3.276825,-0.95558167,-0.12011719,-0.49902344,0.5751953,6.5098095,-31.32908,17.156277,0.95283824,-0.27470773,0.013849485,0.12822756
1760637383748467161,29.233932,-4.804611,-4.190445,-0.086914055,-0.44628906,0.52490234,6.448631,-31.06976,17.13292,0.95345443,-0.27248976,0.013754768,0.12839174
1760637383759127161,26.853561,-6.33049,-6.509781,-0.08544922,-0.3984375,0.48681638,6.359733,-30.823751,17.087816,0.9540639,-0.27034676,0.013460639,0.12842627
1760637383769801161,24.290085,-7.1811676,-8.768082,-0.079589844,-0.3857422,0.48437497,6.1240463,-30.400696,16.89295,0.9552423,-0.26655254,0.012531392,0.1276905
1760637383780475161,23.130417,-7.364273,-10.843277,-0.09179687,-0.3701172,0.49316403,5.9906993,-30.210793,16.802832,0.95577234,-0.26481774,0.011885084,0.12739521
1760637383791149161,21.968842,-7.24411,-12.552261,-0.090332024,-0.33642578,0.45849606,5.8526115,-30.030111,16.6796,0.9563163,-0.26315084,0.011259193,0.12682256
1760637383799149161,20.259857,-5.7792664,-14.627457,-0.075683594,-0.30810547,0.47167966,5.71158,-29.857292,16.51635,0.9568837,-0.26154253,0.010685082,0.12591144
1760637383807151161,19.283295,-4.6195984,-15.542984,-0.07080078,-0.29736328,0.49511716,5.576671,-29.695625,16.376245,0.9573987,-0.26003695,0.010089536,0.12516652
1760637383815153161,18.489838,-1.6899109,-16.397476,-0.06542968,-0.3022461,0.48974606,5.455518,-29.542557,16.230116,0.9578963,-0.25861776,0.009606907,0.12432926
1760637383823155161,18.18657,1.1768341,-17.251968,-0.08203124,-0.29296875,0.49267575,5.355874,-29.39515,16.066126,0.95839775,-0.25726855,0.009332703,0.12328645
1760637383833818161,17.087936,3.3130646,-18.045425,-0.09765624,-0.28466797,0.4702148,5.2804666,-29.25187,15.90156,0.9588854,-0.25597987,0.009252946,0.12217814
1760637383844481161,15.5620575,4.289627,-18.655777,-0.10986328,-0.2709961,0.4858398,5.2148957,-29.116905,15.739058,0.9593495,-0.25477126,0.009236418,0.12105662
1760637383855144161,16.66069,4.4727325,-19.388199,-0.11621093,-0.29638672,0.44042966,5.1486645,-28.991251,15.60555,0.959761,-0.25364205,0.009134882,0.120170586
1760637383865816161,15.623093,5.815506,-19.63234,-0.12695312,-0.28857422,0.41259763,5.0471134,-28.746025,15.220676,0.96068376,-0.2514571,0.009433306,0.11733212
1760637383876487161,15.254974,5.8784485,-20.364761,-0.11621093,-0.29101562,0.41748044,4.993369,-28.627346,15.064299,0.96109575,-0.2503972,0.009468285,0.116215855
1760637383887158161,15.68222,5.0849915,-20.730972,-0.140625,-0.31054688,0.42822263,4.9251795,-28.50339,14.874319,0.9615513,-0.24927586,0.009458303,0.11485045
1760637383895149161,18.795013,1.5449524,-22.256851,-0.1401367,-0.30419922,0.44580075,4.8345613,-28.363527,14.6234,0.96209866,-0.24799441,0.009406511,0.113029346
1760637383903138161,19.832611,-0.04196167,-23.294449,-0.14404297,-0.28564453,0.49560544,4.7315607,-28.212801,14.389522,0.9626477,-0.24661204,0.009220415,0.11138078
1760637383911127161,20.137787,-2.117157,-24.332047,-0.15966797,-0.30273438,0.5493164,4.6078005,-28.054403,14.174093,0.96319234,-0.24514809,0.00882282,0.10993207
1760637383919116161,20.259857,-3.1547546,-24.759293,-0.15771484,-0.30566406,0.58935547,4.464527,-27.893131,13.957624,0.96374005,-0.24364275,0.008260314,0.108512856
1760637383929803161,22.212982,-4.2533875,-25.369644,-0.16259766,-0.32226562,0.5913086,4.308385,-27.726028,13.747307,0.96428984,-0.24207872,0.0075763734,0.10717046
1760637383940490161,22.825241,-5.716324,-25.79689,-0.17041016,-0.32080078,0.60839844,4.143311,-27.543303,13.546302,0.96485823,-0.24037787,0.0068077883,0.1059279
1760637383951177161,23.313522,-7.7342987,-25.857925,-0.15576172,-0.33154297,0.65185547,3.9578633,-27.357367,13.338525,0.96543497,-0.23863308,0.005878007,0.10466585
1760637383961856161,22.45903,-8.771896,-25.91896,-0.16015625,-0.37060547,0.74365234,3.5689478,-26.992844,12.7972,0.9666684,-0.23519285,0.004094485,0.10109219
1760637383972534161,20.994186,-8.893967,-25.308609,-0.16796875,-0.35253906,0.8496093,3.43834,-26.789566,12.561262,0.9672833,-0.233358,0.0036776718,0.099466205
1760637383983212161,21.297455,-8.708954,-24.087906,-0.20996092,-0.37304688,0.9252929,3.3332908,-26.582401,12.381955,0.96785015,-0.23151532,0.0033576218,0.09826224
1760637383993824161,26.123047,-9.868622,-20.242691,-0.1665039,-0.38964844,0.7319336,3.2309966,-26.373192,12.176768,0.9684378,-0.22965747,0.0031081596,0.09682983
1760637384004439161,22.884369,-12.981415,-19.021988,-0.15527344,-0.3466797,0.7495117,3.0430727,-26.158363,11.971874,0.9690323,-0.22768137,0.0021318933,0.09556718
1760637384015054161,18.735886,-13.837814,-17.98439,-0.15332031,-0.37109375,0.9169921,2.8662558,-25.967634,11.828977,0.9695223,-0.2259212,0.001096772,0.09478891
1760637384023108161,19.041061,-11.884689,-16.21437,-0.13183594,-0.41796875,0.97070307,2.5999424,-25.61657,11.611369,0.97037464,-0.2227334,-0.00041037984,0.09360897
1760637384031160161,17.147064,-10.662079,-14.932632,-0.17089844,-0.42382812,0.91943353,2.4934192,-25.466848,11.498443,0.9707504,-0.22138056,-0.0009591514,0.092916176
1760637384039212161,15.134811,-14.14299,-14.200211,-0.13330078,-0.41601562,0.8452148,2.3453295,-25.362354,11.388888,0.9710347,-0.22037774,-0.001909811,0.09231208
1760637384047264161,11.045456,-14.5664215,-14.139175,-0.058593743,-0.46484375,0.7919922,2.1735752,-25.323465,11.272294,0.97119796,-0.21991314,-0.0031072265,0.0916678
1760637384057871161,5.9814453,-9.868622,-14.749527,-0.00146484,-0.52441406,0.7797851,2.0219164,-25.346212,11.117581,0.9712733,-0.21999002,-0.004115347,0.09063984
1760637384068478161,1.8901825,-6.4525604,-17.313004,0.00634766,-0.53564453,0.8920898,1.881035,-25.366121,10.953085,0.9713593,-0.22005446,-0.0050106077,0.08950947
1760637384079085161,-1.2207031,-5.290985,-20.486832,0.027343754,-0.52734375,1.230957,1.7607892,-25.38359,10.804035,0.9714363,-0.22011608,-0.0057582976,0.08847139
1760637384089762161,8.846283,12.592316,-23.111343,-0.08789062,-0.6723633,1.9692382,1.7157611,-25.363913,10.627394,0.9716067,-0.21992376,-0.005784683,0.087066315
1760637384100442161,18.980026,13.505936,-23.172379,-0.062988274,-0.6640625,1.7177733,1.7364665,-25.269592,10.456529,0.9719149,-0.21914819,-0.0052052746,0.085606284
1760637384111122161,29.356003,12.224197,-23.355484,-0.009765621,-0.5292969,1.315918,1.7543546,-25.083803,10.297142,0.97238344,-0.21759307,-0.004601349,0.084275976
1760637384121797161,34.360886,13.811111,-21.707535,0.0146484375,-0.46240234,1.0615234,1.7936907,-24.522726,9.921501,0.97369677,-0.21287267,-0.0031242836,0.081178755
1760637384132473161,31.003952,9.477615,-21.158218,-0.018066403,-0.44140625,1.2783203,1.7763978,-24.27574,9.692346,0.9743077,-0.21076821,-0.0026605586,0.07933457
1760637384143149161,23.496628,5.2700043,-19.388199,-0.029296871,-0.56103516,1.7016602,1.7445277,-24.075073,9.513311,0.974793,-0.2090447,-0.002454727,0.07792725
1760637384151168161,33.5083,-6.5727234,-15.604019,0.06738281,-0.5126953,0.8139648,1.675328,-23.813288,9.397436,0.9753393,-0.20677406,-0.0026420923,0.077139094
1760637384159190161,24.89853,-13.286591,-11.270523,0.13134766,-0.47705075,0.6660156,1.5212733,-23.566698,9.239078,0.9758786,-0.20457679,-0.0034922557,0.07613249
1760637384167212161,6.160736,-20.793915,-8.523941,0.1743164,-0.5732422,0.9702148,1.3055867,-23.427246,9.137888,0.97618365,-0.20325044,-0.005050824,0.075688936
1760637384175234161,-5.619049,-20.183563,-4.922867,0.1743164,-0.7011719,1.4326172,1.085802,-23.405334,9.12223,0.97622114,-0.20291924,-0.006880111,0.0759501
1760637384185881161,-8.607864,-14.631271,-0.83351135,0.122558594,-0.8022461,1.5263672,0.9083751,-23.46513,9.134627,0.9760958,-0.20330974,-0.00845509,0.07635734
1760637384196528161,-11.720657,-16.15715,2.6454926,0.16357422,-0.7397461,1.3618164,0.7789532,-23.54554,9.172044,0.9759185,-0.20390494,-0.009679757,0.07688954
1760637384207175161,-18.07022,-12.798309,5.514145,0.2602539,-0.70458984,1.262207,0.6528166,-23.66023,9.230258,0.9756644,-0.20479113,-0.010937526,0.07758767
1760637384217818161,-24.478912,-4.436493,8.016586,0.23632812,-0.7553711,1.2382812,0.59292144,-24.055916,9.436099,0.97480756,-0.2080963,-0.012096825,0.07937103
1760637384228463161,-25.270462,1.1768341,8.626938,0.18945312,-0.7919922,1.2744141,0.64790934,-24.271444,9.503869,0.9743748,-0.2099601,-0.011906721,0.07980469
1760637384239108161,-21.486282,5.449295,8.932114,0.17285156,-0.81689453,1.2661133,0.74272907,-24.446516,9.598439,0.97399783,-0.21150479,-0.011400812,0.080398425
1760637384247138161,-7.5092316,11.312485,10.457993,0.11767578,-0.73291016,1.2104492,0.8689583,-24.559565,9.739349,0.97370255,-0.21254079,-0.010671491,0.08133799
1760637384255169161,0.4863739,12.041092,11.37352,0.06982422,-0.7109375,1.1796875,1.0154432,-24.60484,9.872174,0.97353727,-0.21301804,-0.009707209,0.08218418
1760637384263200161,7.7495575,9.233475,11.6176605,0.036621094,-0.6464844,1.0947266,1.1607275,-24.582033,9.986875,0.97350836,-0.21291982,-0.008668874,0.08289412
1760637384271231161,12.6953125,4.901886,12.350082,0.021484379,-0.61816406,0.99755853,1.2795115,-24.499495,10.132139,0.973563,-0.21229486,-0.007865911,0.08392875
1760637384281869161,16.41655,-0.41007996,13.082504,0.010742191,-0.55029297,0.930664,1.3603879,-24.375282,10.283888,0.97368383,-0.21128953,-0.0073623406,0.08510116
1760637384292507161,17.881393,-3.5800934,13.631821,0.03857422,-0.50683594,0.9233398,1.3795935,-24.274954,10.430814,0.9737579,-0.2104423,-0.007390065,0.08634113
1760637384303145161,19.649506,-4.070282,14.181137,0.047851566,-0.48144528,0.852539,1.3680506,-24.150843,10.575436,0.9738724,-0.20936984,-0.0076534413,0.08762472
1760637384313806161,18.857956,-4.377365,13.936996,0.022949222,-0.43701172,0.81103516,1.3544364,-23.8554,10.899166,0.97415084,-0.20682696,-0.0081147775,0.090481095
1760637384324468161,20.44487,-6.5135956,13.936996,0.021484379,-0.3984375,0.7480469,1.3444054,-23.671417,11.052474,0.9743554,-0.2052445,-0.008321584,0.091852576
1760637384335130161,20.568848,-8.525848,14.486313,0.036132812,-0.3515625,0.71972656,1.3207805,-23.485498,11.188474,0.97457194,-0.20363511,-0.008607405,0.093101725
1760637384345799161,23.923874,-11.213303,16.073227,0.025390625,-0.296875,0.70214844,1.2862834,-23.287697,11.348035,0.97478485,-0.20191292,-0.009013278,0.09457342
1760637384356469161,26.180267,-9.502411,16.378403,0.031250004,-0.26464844,0.65625,1.249875,-23.066977,11.5059185,0.9750335,-0.19999298,-0.009407806,0.096039794
1760637384367139161,27.585983,-9.626389,16.378403,0.010253906,-0.21923828,0.6020508,1.227142,-22.831102,11.63873,0.9753245,-0.19795632,-0.009624112,0.09727244
1760637384375130161,28.316498,-9.319305,16.256332,0.062011722,-0.1743164,0.578125,1.1792142,-22.33152,12.007849,0.97584623,-0.19363162,-0.0102136135,0.10062944
1760637384383122161,28.011322,-6.2675476,15.768051,0.06640625,-0.16113281,0.5786133,1.1829668,-22.08537,12.183193,0.97610056,-0.19152373,-0.010250023,0.10218173
1760637384391114161,25.939941,-3.9482117,14.913559,0.042480472,-0.13330078,0.56689453,1.2003453,-21.858152,12.328144,0.9763456,-0.18959159,-0.010131339,0.10344816
1760637384399106161,24.290085,-2.603531,13.50975,0.0390625,-0.12890625,0.56689453,1.2238297,-21.644566,12.431318,0.97660166,-0.18778463,-0.00990006,0.10434584
1760637384409782161,23.010254,-1.0185242,12.594223,0.03759766,-0.11767578,0.5649414,1.2591308,-21.44564,12.545886,0.97682035,-0.18611242,-0.0095971115,0.10531841
1760637384420458161,21.360397,1.2378693,11.007309,0.04345703,-0.12060546,0.54296875,1.306796,-21.26575,12.644683,0.9770203,-0.18461542,-0.009178125,0.10613265
1760637384431134161,17.026901,1.3599396,9.054184,0.03759766,-0.10644531,0.5175781,1.346455,-21.120024,12.723456,0.9771811,-0.18340407,-0.008825689,0.106780864
1760637384441798161,9.63974,-2.7885437,5.7582855,0.0014648438,-0.08984375,0.57177734,1.3645748,-21.01281,12.789384,0.9772896,-0.1825021,-0.00867223,0.10734397
1760637384452461161,7.8105927,-6.0253143,4.5375824,0.026367188,-0.08984375,0.5678711,1.34767,-20.926575,12.857444,0.9773595,-0.1817459,-0.008840338,0.107975304
1760637384463124161,6.406784,-7.669449,4.293442,0.023437504,-0.106933594,0.5756836,1.3031905,-20.8575,12.92373,0.97740114,-0.18110976,-0.009256867,0.10863018
1760637384471120161,4.6977997,-11.762619,3.7441254,0.006835941,-0.10888672,0.6201172,1.1454198,-20.762836,13.04468,0.9774193,-0.18014169,-0.010699775,0.109936
1760637384479118161,4.81987,-14.814377,4.6596527,-0.013183594,-0.11035156,0.6455078,1.0252254,-20.715334,13.095729,0.97743213,-0.17961603,-0.011758018,0.11057244
1760637384487116161,6.3438416,-15.666962,5.4531097,0.018554691,-0.14501953,0.63378906,0.90829915,-20.656218,13.142374,0.977466,-0.17899384,-0.012769621,0.11116811
1760637384495114161,5.7964325,-13.532639,6.5517426,0.031738285,-0.13769531,0.6015625,0.80732965,-20.609415,13.182598,0.97748756,-0.17849192,-0.013647046,0.11168009
1760637384505790161,3.293991,-16.340256,7.3451996,0.022460941,-0.1381836,0.6557617,0.6845154,-20.581718,13.277601,0.97742206,-0.1781237,-0.014814792,0.11268807
1760637384516466161,0.54740906,-16.15715,8.749008,0.07324219,-0.15039062,0.77685547,0.58251786,-20.58223,13.367561,0.97731876,-0.1780153,-0.015825054,0.11361374
1760637384527142161,-1.8939972,-12.189865,9.420395,0.023925785,-0.1616211,0.8818359,0.4975786,-20.563564,13.424234,0.9772792,-0.17776369,-0.016618611,0.11423308
1760637384537787161,-0.9803772,-11.02829,11.007309,0.09033203,-0.19238281,0.883789,0.3867447,-20.51269,13.498363,0.9772669,-0.17720793,-0.01762715,0.11504789
1760637384548434161,-1.2226105,-8.283615,10.885239,0.06542969,-0.1875,0.8310547,0.31397086,-20.495104,13.608652,0.9771713,-0.17696725,-0.018400291,0.116104566
1760637384559081161,-1.5296936,-7.610321,10.8242035,0.037597656,-0.19726562,0.8413086,0.2823247,-20.508087,13.726195,0.9770265,-0.17702661,-0.018865004,0.11715302
1760637384569771161,-1.405716,-5.842209,9.969711,0.040039062,-0.23095703,0.83837885,0.2443945,-20.542555,13.942441,0.9767442,-0.17724507,-0.019558396,0.119048
1760637384580460161,-1.7108917,-2.729416,9.908676,0.017578125,-0.2529297,0.79589844,0.2570143,-20.557266,14.051853,0.9766095,-0.17736489,-0.01963557,0.119957946
1760637384591149161,-1.7719269,-1.6269684,9.725571,0.024902344,-0.26123047,0.72509766,0.2803866,-20.576532,14.15067,0.97648,-0.17753668,-0.01960979,0.1207598
1760637384601812161,-5.9814453,2.0942688,10.396957,-0.047363278,-0.35742188,0.7392578,0.32464674,-20.61453,14.246997,0.976327,-0.1778908,-0.019422527,0.12150375
1760637384612475161,-7.8754425,1.8482208,11.800766,-0.051269528,-0.40820312,0.82275385,0.378118,-20.668278,14.353259,0.9761398,-0.17838761,-0.019189874,0.122314036
1760637384623138161,-14.591217,-3.33786,12.411118,-0.038574215,-0.44189453,1.1230469,0.44187734,-20.787302,14.4952,0.97581327,-0.17944588,-0.018997388,0.12339631
1760637384631131161,-18.253326,-7.183075,13.143539,-0.06689453,-0.45361328,1.8354491,0.44068336,-21.077427,14.681717,0.97515595,-0.18188244,-0.019619469,0.12491804
1760637384639125161,-13.614655,0.62942505,15.40184,-0.15917969,-0.64501953,2.3320312,0.5066549,-21.174093,14.846886,0.9748333,-0.1827489,-0.019428123,0.12619515
1760637384647119161,0.30326843,-0.104904175,16.622543,-0.10302734,-0.7548828,1.7099608,0.55126625,-21.130661,15.022481,0.9747151,-0.18239927,-0.019279666,0.12762852
1760637384655113161,16.170502,-1.4457703,14.181137,-0.03613281,-0.50390625,1.1831055,0.60552365,-20.976042,15.151737,0.9748231,-0.18112352,-0.018847764,0.12868097
1760637384665816161,17.148972,6.914139,13.021469,-0.043945305,-0.4423828,0.93701166,0.73941725,-20.893183,15.231533,0.9748844,-0.18055674,-0.01773988,0.12917002
1760637384676519161,8.176804,7.40242,10.457993,-0.1352539,-0.59228516,1.0683594,0.8388866,-20.838793,15.30277,0.97490376,-0.18019572,-0.01694318,0.1296341
1760637384687222161,0.4234314,7.221222,9.054184,-0.2109375,-0.7109375,1.3232422,0.934561,-20.843012,15.393641,0.97480804,-0.18032692,-0.01627709,0.13025549
1760637384697857161,-8.243561,6.000519,7.6503754,-0.20361328,-0.75,1.0170898,1.0298984,-20.87855,15.476784,0.9746713,-0.1807261,-0.015638545,0.1308024
1760637384708492161,-18.86177,6.7920685,5.636215,-0.16943358,-0.7519531,0.9409179,1.1049017,-20.972008,15.531406,0.97447324,-0.18159893,-0.015196561,0.131121
1760637384719127161,-31.251907,9.782791,3.3168793,-0.19384764,-0.82958984,1.0620117,1.1919724,-21.169996,15.568555,0.9741314,-0.18337627,-0.014748333,0.13123858
1760637384727140161,-37.96768,12.592316,1.3637543,-0.23486328,-0.9042969,1.3046875,1.4270169,-21.803509,15.590535,0.97312266,-0.1890218,-0.013534795,0.13084224
1760637384735154161,-38.942337,15.40184,1.3027191,-0.29638672,-0.9506836,1.4873047,1.569067,-22.133902,15.618354,0.9725679,-0.1919837,-0.012766401,0.13073102
1760637384743168161,-33.634186,14.118195,2.2792816,-0.3100586,-0.9331054,1.4858398,1.6980561,-22.416136,15.663886,0.9720632,-0.19451885,-0.012084217,0.13080095
1760637384751182161,-28.018951,12.40921,3.255844,-0.25341797,-0.9047851,1.4013672,1.8229717,-22.650898,15.7321615,0.9716056,-0.19664386,-0.011421797,0.13108154
1760637384761838161,-23.256302,11.064529,4.842758,-0.26464844,-0.8671875,1.4003906,1.9418833,-22.842388,15.790598,0.9712278,-0.19839624,-0.010744441,0.13130015
1760637384772494161,-17.702103,9.904861,6.795883,-0.2734375,-0.8457031,1.3964844,2.057535,-22.98122,15.873799,0.9709074,-0.19969675,-0.010076581,0.13175067
1760637384783150161,-10.684967,8.808136,8.626938,-0.23828124,-0.8129883,1.3491211,2.1696432,-23.058601,15.990056,0.97065115,-0.20047098,-0.009423976,0.13250905
1760637384793798161,-0.42915344,11.674881,10.152817,-0.20458984,-0.69091797,1.1782227,2.3021824,-23.081512,16.047777,0.9705556,-0.20081373,-0.008430481,0.13275653
1760637384804445161,4.3315887,7.1582794,8.993149,-0.17578125,-0.6591797,1.1108398,2.4322352,-23.071749,16.11502,0.9705032,-0.20087734,-0.0074348385,0.1331022
1760637384815092161,7.7495575,7.894516,7.833481,-0.10986328,-0.61035156,1.0444336,2.527106,-23.021091,16.19817,0.9704982,-0.2005541,-0.006714251,0.1336619
1760637384825780161,10.557175,11.1866,5.6972504,-0.11083984,-0.55322266,0.9365234,2.7802284,-22.905003,16.360876,0.9705168,-0.1998605,-0.004709604,0.13464898
1760637384836470161,10.801315,10.393143,2.0961761,-0.114257805,-0.48828125,0.88769525,2.9006186,-22.84799,16.388464,0.97058475,-0.19951881,-0.0036661727,0.13469887
1760637384847160161,11.959076,8.38089,-1.5659332,-0.098144524,-0.43945312,0.8632812,2.9917219,-22.772198,16.383978,0.9707197,-0.19898494,-0.0027909828,0.13453759
1760637384855147161,12.874603,9.235382,-8.15773,-0.09423828,-0.38623047,0.7866211,3.0840049,-22.698648,16.361105,0.9708712,-0.19847147,-0.0018766243,0.13421829
1760637384863134161,13.057709,8.197784,-10.782242,-0.119140625,-0.3491211,0.74365234,3.1278262,-22.590475,16.2707,0.9711572,-0.19760866,-0.0012127869,0.13342762
1760637384871121161,13.486862,4.961014,-13.406754,-0.11816406,-0.29882812,0.7290039,3.1484327,-22.480194,16.156216,0.9714727,-0.19670022,-0.0007030051,0.13247386
1760637384879108161,14.341354,3.862381,-14.810562,-0.114746094,-0.26953125,0.7055664,3.1371148,-22.3656,16.035841,0.97179997,-0.19571762,-0.00045029726,0.13152641
1760637384889788161,15.987396,3.4370422,-15.665054,-0.11523437,-0.24267578,0.69140625,3.1123223,-22.243345,15.875809,0.972183,-0.19465435,-0.00023721345,0.1302681
1760637384900468161,17.454147,2.8247833,-16.0923,-0.117675774,-0.19970703,0.63916016,3.082074,-22.106909,15.668658,0.9726394,-0.19346428,2.3291446e-05,0.12862416
1760637384911148161,18.123627,2.6435852,-16.336441,-0.120605454,-0.1875,0.5859375,3.0460942,-21.960232,15.520776,0.97304237,-0.19218051,0.0001435522,0.12749568
1760637384921814161,19.041061,0.99754333,-15.97023,-0.11669921,-0.15966797,0.56884766,2.9527023,-21.646515,15.271247,0.97382164,-0.18941571,0.00013908371,0.12567054
1760637384932480161,19.10019,0.93460083,-14.993668,-0.10742187,-0.15283203,0.54589844,2.907186,-21.482927,15.156663,0.9742068,-0.18797714,0.00013323408,0.12484242
1760637384943146161,19.529343,1.2378693,-13.650894,-0.10986328,-0.119628906,0.5151367,2.867607,-21.317701,15.039298,0.9745949,-0.18653083,0.00018122792,0.12397965
1760637384951146161,20.017624,-0.53215027,-10.293961,-0.100097656,-0.10595703,0.4702148,2.8244529,-21.149357,14.920434,0.9749865,-0.18505375,0.0002016779,0.12310928
1760637384959148161,19.40918,-0.8354187,-8.462906,-0.10546875,-0.092285156,0.44873044,2.7808933,-20.978508,14.818746,0.9753611,-0.18355475,0.00019075908,0.12238479
1760637384967150161,19.407272,-0.8983612,-7.1201324,-0.10693359,-0.0961914,0.43798825,2.7428493,-20.808374,14.733578,0.9757144,-0.18206738,0.00019688625,0.12178995
1760637384975152161,18.67485,-2.2411346,-5.9604645,-0.0859375,-0.0859375,0.42822263,2.7062898,-20.641981,14.704857,0.9759996,-0.1806131,0.00012007542,0.12167034
1760637384985915161,18.55278,-2.9125214,-4.983902,-0.08154297,-0.08154297,0.41308594,2.66245,-20.478794,14.678133,0.97627574,-0.17917798,-2.6407652e-05,0.121576555
1760637384996678161,17.210007,-4.31633,-4.7397614,-0.09814453,-0.078125,0.41308594,2.6150224,-20.31893,14.625705,0.9765722,-0.17776704,-0.00016820244,0.121266544
1760637385007441161,16.170502,-5.718231,-4.922867,-0.07812499,-0.06201172,0.41455075,2.5564203,-20.170319,14.615911,0.97680473,-0.17643969,-0.00048503093,0.12133119
1760637385018043161,14.463425,-6.5135956,-6.0214996,-0.06542969,-0.059082028,0.41796875,2.4043508,-19.91424,14.554076,0.9772485,-0.17409809,-0.001399409,0.12113317
1760637385028644161,12.693405,-7.917404,-6.875992,-0.08544921,-0.06591797,0.40820312,2.3084562,-19.806456,14.47915,0.9774846,-0.17307955,-0.0019834647,0.12067877
1760637385039245161,10.86235,-8.771896,-7.730484,-0.064941406,-0.052246097,0.40673825,2.2012007,-19.720364,14.364613,0.9777287,-0.17223544,-0.0026305048,0.11989386
1760637385049874161,3.7193298,-10.967255,-10.17189,-0.063964844,-0.078125,0.51220703,2.083286,-19.663841,14.318126,0.9778567,-0.17163152,-0.003504688,0.11969365
1760637385060503161,0.24223328,-11.701584,-11.697769,-0.07373047,-0.09667969,0.5957031,1.9517756,-19.642437,14.245536,0.97795904,-0.1713144,-0.004494925,0.11927815
1760637385071132161,-3.9100647,-12.126923,-12.6132965,-0.07910156,-0.10253906,0.69873047,1.8102568,-19.652086,14.135038,0.9780534,-0.17125468,-0.0055480627,0.11854349
1760637385079136161,-6.593704,-12.067795,-13.467789,-0.08642578,-0.13574219,0.78076166,1.5167228,-19.760633,13.9341135,0.9780837,-0.17189038,-0.0078689605,0.11723479
1760637385087139161,-8.302689,-11.274338,-12.857437,-0.10058594,-0.15185547,0.7949218,1.377132,-19.836596,13.848668,0.9780485,-0.17240219,-0.009012432,0.11669323
1760637385095142161,-8.548737,-11.516571,-12.552261,-0.091308594,-0.16015625,0.76513666,1.2342917,-19.917582,13.757971,0.97800845,-0.17295554,-0.010179913,0.11611184
1760637385103145161,-10.01358,-12.126923,-11.758804,-0.09472656,-0.18115234,0.76220703,1.0897946,-20.013107,13.664262,0.97794694,-0.1736332,-0.011370852,0.11550507
1760637385113873161,-13.126373,-12.798309,-11.636734,-0.08886719,-0.22021484,0.82177734,0.9553213,-20.121231,13.58792,0.97784775,-0.1744283,-0.012514153,0.11503011
1760637385124601161,-14.894485,-13.895035,-10.477066,-0.08984374,-0.27685547,0.86669916,0.8343858,-20.243856,13.5105915,0.9777262,-0.17536196,-0.013553782,0.11452457
1760637385135329161,-17.76123,-13.957977,-9.683609,-0.06933594,-0.32373047,0.8427734,0.6917908,-20.407463,13.409832,0.9775599,-0.17662776,-0.014781944,0.113845125
1760637385145941161,-21.48819,-11.15036,-9.500504,0.022949222,-0.40722656,0.89257807,0.5410067,-20.612677,13.3354435,0.9772978,-0.17823829,-0.016159782,0.11339755
1760637385156554161,-22.52388,-9.626389,-11.453629,0.047851566,-0.44335935,1.1801758,0.39818007,-20.830313,13.23177,0.9770407,-0.17996813,-0.017433159,0.1126896
1760637385167167161,-22.40181,-5.964279,-13.589859,-0.004882805,-0.49414062,1.5805664,0.28271642,-21.03439,13.083003,0.9768474,-0.18161803,-0.018384421,0.11156123
1760637385177829161,-20.511627,-0.04196167,-14.139175,-0.026855465,-0.5810547,1.892578,0.15805049,-21.40374,12.832459,0.97647953,-0.18468677,-0.019405112,0.10955208
1760637385188493161,-19.777298,3.8013458,-14.261246,-0.050292965,-0.62158203,1.9990233,0.15048836,-21.577398,12.715362,0.976309,-0.186179,-0.01944606,0.10853313
1760637385199157161,-18.61763,6.5517426,-13.284683,-0.057128903,-0.6567383,1.8007811,0.16579627,-21.730612,12.608077,0.97616327,-0.18751675,-0.019285869,0.10756468
1760637385207156161,-7.87735,7.709503,-9.683609,-0.023925781,-0.57177734,1.0004883,0.19542097,-21.832514,12.517985,0.97608554,-0.18842745,-0.01898154,0.106728904
1760637385215157161,-13.79776,1.1177063,-8.401871,0.02197266,-0.5498047,1.1914062,0.22298975,-21.902702,12.454831,0.97603333,-0.18906124,-0.018708307,0.10613184
1760637385223158161,-25.331497,-3.7059784,-8.218765,-0.08203124,-0.69677734,1.7548827,0.18297087,-22.056892,12.386176,0.9758356,-0.19034871,-0.019078821,0.105583325
1760637385231159161,-21.669388,-4.8656464,-5.8994293,-0.01318359,-0.8935547,1.277832,0.13044743,-22.282612,12.315675,0.97551537,-0.19223411,-0.019616794,0.10502737
1760637385241817161,-22.647858,-17.742157,-5.2890778,0.05029297,-0.65234375,0.899414,0.042003848,-22.46469,12.266329,0.97523874,-0.19371156,-0.020453606,0.10472212
1760637385252475161,-40.039062,-28.484344,-2.8476715,0.1538086,-0.64746094,0.977539,-0.1806612,-22.746883,12.247628,0.974734,-0.1959125,-0.022573844,0.10489148
1760637385263133161,-54.626465,-29.644012,-1.6269684,0.18261719,-0.82958984,1.3637695,-0.44925,-23.137016,12.156489,0.9740873,-0.19900388,-0.025053466,0.10451648
1760637385273784161,-56.764603,-26.960373,-1.0166168,0.13476562,-0.9404297,1.6235352,-0.95351315,-24.121923,12.080688,0.9722798,-0.20692874,-0.030079044,0.104631335
1760637385284435161,-53.775787,-27.568817,-0.46730042,0.17285156,-0.94287103,1.5664062,-1.206014,-24.588581,12.074508,0.9713581,-0.21065879,-0.032619882,0.104985915
1760637385295086161,-50.294876,-29.584885,0.26512146,0.2055664,-0.8774414,1.5004883,-1.4598016,-25.025997,12.064389,0.9704722,-0.21413699,-0.035133842,0.10532748
1760637385303102161,-42.91153,-16.582489,1.8520355,0.2529297,-0.88183594,1.3876953,-1.6479086,-25.436888,12.044655,0.9696477,-0.21745083,-0.037045907,0.10547965
1760637385311119161,-37.965775,-14.6923065,2.5844574,0.20166016,-0.8574219,1.3115234,-1.7826246,-25.806715,12.03726,0.96889347,-0.22045957,-0.03849065,0.1056463
1760637385319136161,-31.740189,-15.7260895,3.3779144,0.19482422,-0.8540039,1.2246094,-1.906131,-26.125961,12.056425,0.96820676,-0.22303943,-0.039846458,0.10602508
1760637385327153161,-26.18599,-12.918472,4.781723,0.22509766,-0.85302734,1.1000977,-2.0280194,-26.393011,12.082417,0.9676091,-0.2251748,-0.041156355,0.10646609
1760637385337826161,-24.049759,-9.260178,6.0634613,0.2163086,-0.8432617,1.0546875,-2.1156218,-26.621597,12.105417,0.96709746,-0.22701633,-0.04213754,0.10681984
1760637385348499161,-21.547318,-8.466721,7.58934,0.12646484,-0.8359375,1.0991211,-2.1678224,-26.829723,12.13611,0.9666286,-0.22871393,-0.04281774,0.10717114
1760637385359172161,-15.262604,-10.234833,10.091782,0.10595703,-0.8208008,1.1191406,-2.2129116,-27.009743,12.184935,0.9661992,-0.23017296,-0.043450613,0.1076635
1760637385369813161,-8.060455,-10.173798,12.838364,0.10644531,-0.80566406,1.0185547,-2.290893,-27.194374,12.371894,0.9656136,-0.23158512,-0.04464472,0.10938676
1760637385380452161,-2.2010803,-12.004852,15.035629,0.10595703,-0.78125,0.8974609,-2.328389,-27.212833,12.505576,0.9654326,-0.23165238,-0.045247056,0.110587955
1760637385391091161,1.7662048,-12.981415,16.683578,0.1303711,-0.72558594,0.85937494,-2.3580208,-27.199188,12.659331,0.9652996,-0.23144746,-0.04579526,0.11194384
1760637385401778161,10.190964,-12.372971,19.30809,0.10449219,-0.671875,0.8398437,-2.3684485,-27.16371,12.773084,0.9652568,-0.23109244,-0.04608085,0.112924986
1760637385412464161,16.296387,-9.868622,20.406723,0.11425781,-0.6245117,0.8071289,-2.4180367,-27.157578,12.89782,0.9651258,-0.2309411,-0.046744443,0.11407592
1760637385423150161,23.191452,-6.1473846,21.261215,0.125,-0.56152344,0.7348633,-2.441142,-27.08213,13.061985,0.9651067,-0.23021448,-0.047200292,0.115509
1760637385433795161,28.438568,-6.2675476,21.07811,0.091308594,-0.5073242,0.68896484,-2.373653,-26.65683,13.354613,0.9657016,-0.22657594,-0.046817876,0.11786364
1760637385444443161,32.957077,-6.6928864,21.07811,0.0859375,-0.43945312,0.6611328,-2.3328812,-26.365702,13.569652,0.9660798,-0.2240738,-0.046619143,0.119613856
1760637385455091161,36.985397,-5.3539276,21.505356,0.07324219,-0.41357422,0.63378906,-2.2778788,-26.040998,13.780569,0.96652454,-0.22130498,-0.046249542,0.12130688
1760637385463100161,42.47856,-5.048752,22.176743,0.04394531,-0.31347656,0.5126953,-2.2180457,-25.690716,13.981297,0.96702075,-0.21832967,-0.045783184,0.122910224
1760637385471110161,41.866302,-3.704071,22.542953,0.045410156,-0.27148438,0.45947263,-2.1602108,-25.32211,14.184734,0.9675357,-0.21519639,-0.04530873,0.12454557
1760637385479120161,40.340424,-3.9482117,22.054672,0.052734375,-0.2475586,0.4238281,-2.0942125,-24.96464,14.382716,0.968026,-0.2121687,-0.044754572,0.1261229
1760637385487130161,37.044525,-2.7885437,22.054672,0.075683594,-0.2446289,0.3920898,-2.0331018,-24.623886,14.568742,0.9684836,-0.20928201,-0.044225857,0.12761092
1760637385497806161,33.68759,-0.957489,21.139145,0.03515625,-0.21191406,0.4052734,-1.9617416,-24.30997,14.701458,0.96894413,-0.20665467,-0.043532558,0.12863098
1760637385508482161,32.16362,-2.363205,20.345688,0.055664062,-0.21386719,0.38378906,-1.8839796,-24.024559,14.84953,0.96932876,-0.20427047,-0.042835947,0.12977035
1760637385519158161,29.844284,-0.53215027,19.002914,0.10205078,-0.19482422,0.41455075,-1.8215736,-23.752043,15.033642,0.96963507,-0.20196547,-0.04233973,0.13124406
1760637385527147161,29.417038,-0.8983612,16.439438,0.071777344,-0.21240234,0.4755859,-1.6984549,-23.245743,15.258177,0.97032124,-0.19773625,-0.041132838,0.13298261
1760637385535139161,30.269623,-1.8119812,14.181137,0.071777344,-0.21728516,0.5595703,-1.6606783,-22.978172,15.360949,0.97068346,-0.19547567,-0.040691342,0.13381732
1760637385543131161,32.836914,-1.8119812,12.289047,0.05859375,-0.1977539,0.6142578,-1.627126,-22.686243,15.461361,0.97108215,-0.19300419,-0.040249653,0.1346433
1760637385551123161,35.640717,-0.8354187,10.152817,0.07128906,-0.19042969,0.6582031,-1.5936888,-22.371202,15.55629,0.9715191,-0.19033806,-0.039768726,0.13542691
1760637385561796161,37.3497,-0.16403198,8.626938,0.06298828,-0.19873047,0.69677734,-1.562765,-22.040157,15.625081,0.9720047,-0.18754154,-0.03924303,0.13599606
1760637385572469161,39.11972,-0.65231323,7.101059,0.04199219,-0.19091797,0.71240234,-1.5420481,-21.693985,15.685779,0.97251266,-0.18460628,-0.03876958,0.13651563
1760637385583142161,40.70854,-1.8749237,6.4296722,0.031738285,-0.19140625,0.69921875,-1.5386264,-21.334757,15.749425,0.97302306,-0.18153729,-0.03842894,0.13708945
1760637385593791161,43.63823,-6.1473846,6.795883,0.041503906,-0.20263672,0.63964844,-1.5566812,-20.959164,15.817327,0.9735372,-0.17830059,-0.0382546,0.13773398
1760637385604440161,44.187546,-9.138107,7.2841644,0.035156254,-0.20654297,0.62060547,-1.5901694,-20.576706,15.892896,0.97403693,-0.17498264,-0.038211107,0.13846609
1760637385615089161,43.699265,-9.626389,8.016586,0.080078125,-0.20117188,0.61816406,-1.6463612,-20.191452,15.97529,0.9745138,-0.17160918,-0.0383632,0.13928777
1760637385625778161,40.462494,-10.540009,8.199692,0.08886719,-0.18896484,0.6425781,-1.7674284,-19.465815,16.072212,0.9754473,-0.16525038,-0.038682498,0.1403503
1760637385636466161,38.511276,-12.430191,9.115219,0.106933594,-0.17773438,0.75488275,-1.847036,-19.134846,16.138584,0.97582453,-0.16231011,-0.039063882,0.14105253
1760637385647154161,36.497116,-12.556076,10.152817,0.10253906,-0.1821289,0.8579101,-1.9334761,-18.79346,16.225351,0.97618043,-0.1592637,-0.03951636,0.14193392
1760637385657804161,35.33554,-9.380341,13.082504,0.115234375,-0.1694336,0.8779296,-2.0072706,-18.430305,16.330011,0.9765396,-0.15603901,-0.039855134,0.1429465
1760637385668455161,33.813477,-8.220673,13.875961,0.17236328,-0.15332031,0.8583984,-2.0902956,-18.07555,16.42226,0.9768889,-0.15287663,-0.04026056,0.14386052
1760637385679106161,30.881882,-5.170822,14.547348,0.13378906,-0.14355469,0.8764648,-2.1109407,-17.787716,16.50412,0.9771725,-0.15036571,-0.04019682,0.14459682
1760637385687105161,29.172897,-2.0580292,14.303207,0.15136719,-0.1796875,0.8842773,-2.1502964,-17.211805,16.741558,0.9776266,-0.14531617,-0.04013499,0.1466919
1760637385695104161,25.814056,2.0942688,13.753891,0.14794922,-0.17382812,0.85351557,-2.0868554,-16.999235,16.875225,0.9777547,-0.14353609,-0.039499164,0.14775915
1760637385703103161,21.360397,3.6792755,13.326645,0.11669922,-0.18261719,0.87451166,-2.0512412,-16.795774,16.962027,0.97791743,-0.14181481,-0.039049678,0.14846252
1760637385711102161,16.048431,8.014679,12.716293,0.14111328,-0.19921875,0.8710937,-1.9588747,-16.658863,17.06655,0.9779877,-0.14073022,-0.038218424,0.14924592
1760637385721776161,9.273529,13.751984,12.044907,0.12451172,-0.20019531,0.88769525,-1.8438357,-16.569967,17.167227,0.97800666,-0.14008798,-0.03724758,0.14996827
1760637385732450161,-1.8939972,12.6514435,10.885239,0.10449219,-0.1850586,1.0727539,-1.7320641,-16.597172,17.26297,0.9778828,-0.14043616,-0.036445525,0.15064706
1760637385743124161,-16.664505,8.256912,10.885239,-0.0078125,-0.19335938,1.590332,-1.6282387,-16.758038,17.364573,0.9775774,-0.14191437,-0.03589092,0.15137555
1760637385753830161,-21.61026,13.263702,14.486313,0.004394535,-0.33203125,1.6708984,-1.4817613,-16.945932,17.4895,0.9772164,-0.14367339,-0.035039708,0.15224394
1760637385764538161,-23.073196,15.520096,13.326645,-0.009277344,-0.265625,1.4179688,-1.3243077,-17.143816,17.616343,0.9768388,-0.14553304,-0.034114752,0.15310836
1760637385775246161,-24.66011,20.708084,11.190414,-0.04101562,-0.2919922,1.3027344,-1.1446153,-17.353724,17.730595,0.97646403,-0.14753017,-0.033004627,0.15382943
1760637385785885161,-27.772903,22.787094,8.810043,-0.14208984,-0.3725586,1.3496094,-0.7079735,-17.830223,17.897518,0.9757263,-0.15213227,-0.030134702,0.15461473
1760637385796526161,-29.97017,21.989822,6.5517426,-0.19726561,-0.46191403,1.3022461,-0.49914145,-18.09709,17.920853,0.9753874,-0.15468046,-0.028744228,0.15448917
1760637385807167161,-31.801224,21.501541,4.354477,-0.21777342,-0.4892578,1.081543,-0.29861525,-18.386152,17.924253,0.9750355,-0.15741013,-0.027428895,0.15419132
1760637385815161161,-44.55948,18.32962,0.81443787,-0.27294922,-0.55810547,0.8305664,0.009888534,-18.81213,17.996487,0.97441566,-0.16143239,-0.025477111,0.15428738
1760637385823156161,-54.994583,16.923904,-0.5283356,-0.27001953,-0.63378906,0.95263666,0.28957027,-19.343285,18.060022,0.9736327,-0.16630977,-0.023907866,0.15430123
1760637385831151161,-62.137604,15.827179,-2.4814606,-0.30322266,-0.66259766,1.2060547,0.4334354,-19.846434,18.066566,0.9729178,-0.1707747,-0.023377124,0.15401444
1760637385839146161,-62.93106,15.399933,-3.2138824,-0.3540039,-0.703125,1.4902344,0.56655556,-20.39915,18.050388,0.97213745,-0.1756463,-0.022971844,0.1535232
1760637385849799161,-58.22754,12.592316,-2.664566,-0.359375,-0.7319336,1.5932617,0.68990064,-20.9452,18.036015,0.9713408,-0.1804432,-0.022643246,0.15305021
1760637385860452161,-51.822662,9.296417,-2.7256012,-0.32666016,-0.73583984,1.5576172,0.7851152,-21.442783,17.98959,0.9706368,-0.18479383,-0.022435678,0.15235291
1760637385871105161,-45.597076,11.249542,-1.6880035,-0.2993164,-0.7265625,1.4238281,0.8635579,-21.884235,17.893053,0.97006935,-0.18865316,-0.022209257,0.1512679
1760637385881823161,-41.749954,9.35936,-1.3828278,-0.34375,-0.6953125,1.3286133,1.0296161,-22.639566,17.845741,0.9689148,-0.19526796,-0.021739893,0.15033907
1760637385892543161,-38.576126,5.449295,-0.95558167,-0.30615234,-0.71533203,1.3022461,1.0737647,-22.969913,17.828754,0.9683865,-0.19811988,-0.0217808,0.15000571
1760637385903263161,-34.484863,3.5591125,0.44822693,-0.25927734,-0.7128906,1.2373047,1.1073022,-23.263521,17.824219,0.9678953,-0.20064367,-0.021883305,0.1498059
1760637385913890161,-25.819778,0.020980835,1.5468597,-0.2314453,-0.6166992,1.0205078,1.1296906,-23.519405,17.832642,0.9674448,-0.20283078,-0.022052255,0.14974639
1760637385924515161,-22.830963,-0.5912781,0.6313324,-0.18847655,-0.57714844,0.94531244,1.1331494,-23.740072,17.857388,0.9670265,-0.20469189,-0.022363238,0.14986958
1760637385935140161,-21.913528,2.0923615,0.2040863,-0.17333983,-0.56591797,0.8896484,1.1768868,-23.971977,17.881075,0.9665939,-0.20669974,-0.022348411,0.14990625
1760637385943153161,-21.915436,3.2539368,-1.077652,-0.18945312,-0.53759766,0.8520507,1.3804312,-24.479527,17.90582,0.9656899,-0.211237,-0.021361094,0.14955144
1760637385951167161,-21.183014,0.38528442,-2.9697418,-0.19335938,-0.5180664,0.8022461,1.4488138,-24.722715,17.90585,0.9652599,-0.2133734,-0.021113176,0.14932935
1760637385959181161,-21.36612,-1.2626648,-4.0073395,-0.16601562,-0.47607422,0.7524414,1.4528342,-24.93586,17.882565,0.9648996,-0.21517645,-0.021323264,0.14904082
1760637385967195161,-21.427155,-2.9716492,-5.472183,-0.16259766,-0.46533203,0.7319336,1.3983135,-25.124756,17.821125,0.9646189,-0.21670611,-0.02192055,0.14855103
1760637385977842161,-20.936966,-5.475998,-6.937027,-0.16406249,-0.43652344,0.72021484,1.3139905,-25.309402,17.749136,0.9643513,-0.21816392,-0.02274086,0.14803241
1760637385988489161,-19.899368,-8.466721,-8.401871,-0.16259766,-0.4091797,0.7158203,1.1991532,-25.482857,17.659876,0.96411693,-0.21949242,-0.023767538,0.14743344
1760637385999136161,-17.70401,-11.02829,-9.561539,-0.15917967,-0.39208984,0.7236328,1.0552828,-25.632395,17.558922,0.96393263,-0.22058633,-0.024981622,0.14680387
1760637386007130161,-10.990143,-15.117645,-11.209488,-0.13427734,-0.3388672,0.7138672,0.8908511,-25.75571,17.452179,0.9637972,-0.22143666,-0.026320495,0.14617795
1760637386015124161,-7.3890686,-16.277313,-11.331558,-0.13183594,-0.30419922,0.6694336,0.70876104,-25.84631,17.327606,0.96373904,-0.22199593,-0.027728647,0.14545053
1760637386023118161,-3.8471222,-15.974045,-11.453629,-0.10742187,-0.28955078,0.62841797,0.5158513,-25.903358,17.185429,0.9637613,-0.22226669,-0.02914885,0.14460944
1760637386031112161,-2.0179749,-14.995575,-11.697769,-0.1040039,-0.27148438,0.6064453,0.32834396,-25.933716,17.01814,0.9638643,-0.22232969,-0.030440029,0.14355639
1760637386041789161,-0.9174347,-15.974045,-12.247086,-0.079101555,-0.25585938,0.5654297,0.1446442,-25.946554,16.861843,0.96398485,-0.2222507,-0.03169822,0.14259405
1760637386052466161,1.7662048,-16.521454,-12.552261,-0.07080078,-0.2446289,0.5473633,-0.050199915,-25.953135,16.726082,0.96408546,-0.22210261,-0.03308236,0.14182779
1760637386063143161,1.4019012,-13.837814,-12.002945,-0.10693359,-0.21191406,0.4990234,-0.23937659,-25.9357,16.52621,0.96430993,-0.22178157,-0.034265626,0.14051719
1760637386071140161,3.047943,-22.136688,-13.345718,-0.115234375,-0.22216795,0.4916992,-0.42903212,-25.924086,16.351135,0.9644885,-0.22150545,-0.035509076,0.13941355
1760637386079137161,3.2310486,-22.319794,-12.247086,-0.053710934,-0.2109375,0.46435544,-0.6817398,-25.894522,16.218872,0.96462613,-0.22099179,-0.037345503,0.13879514
1760637386087134161,3.4770966,-23.786545,-13.406754,-0.076660156,-0.2314453,0.47119138,-0.9311585,-25.866922,16.090078,0.964752,-0.22050086,-0.03916452,0.13819729
1760637386095131161,4.333496,-22.930145,-13.284683,-0.0625,-0.22167969,0.4472656,-1.1961542,-25.828941,15.9438925,0.9649087,-0.21991324,-0.04107046,0.137483
1760637386105815161,5.247116,-24.335861,-14.017105,-0.051269528,-0.19580078,0.480957,-1.4600827,-25.785614,15.79307,0.9650771,-0.21928772,-0.04295413,0.13672617
1760637386116499161,5.0640106,-22.687912,-14.07814,-0.058593743,-0.19824219,0.4858398,-1.7293452,-25.7344,15.642078,0.96525306,-0.21859346,-0.044875357,0.1359765
1760637386127183161,4.758835,-21.894455,-15.054703,-0.062011715,-0.20996094,0.5126953,-1.9862434,-25.683632,15.496109,0.96542174,-0.21791966,-0.046704575,0.13524254
1760637386135173161,4.453659,-22.439957,-14.871597,-0.07080078,-0.22070312,0.52783203,-2.4983492,-25.598696,15.152924,0.9657721,-0.2167482,-0.05027577,0.13332987
1760637386143163161,2.8038025,-20.305634,-15.176773,-0.078125,-0.2163086,0.5078125,-2.736001,-25.574718,14.99645,0.96589404,-0.21633999,-0.051957414,0.13246158
1760637386151153161,0.24414062,-18.71872,-14.627457,-0.07421875,-0.22070312,0.48828122,-2.9572334,-25.575212,14.824978,0.96598876,-0.21616833,-0.053499203,0.13143365
1760637386159143161,-2.6893616,-17.742157,-13.711929,-0.09423828,-0.24414062,0.4702148,-3.168136,-25.599798,14.629852,0.96606386,-0.21622749,-0.054934554,0.13018607
1760637386169836161,-6.471634,-16.767502,-12.6132965,-0.0703125,-0.26660156,0.47949216,-3.3700259,-25.656609,14.476804,0.9660283,-0.216553,-0.05640564,0.12927681
1760637386180529161,-10.194778,-16.340256,-11.8198395,-0.0625,-0.2709961,0.5449219,-3.5648003,-25.749218,14.342818,0.9659006,-0.21718276,-0.057887323,0.12851709
1760637386191222161,-14.345169,-16.15715,-10.354996,-0.067382805,-0.27734375,0.63134766,-3.757316,-25.879763,14.229107,0.96567255,-0.21812782,-0.059423823,0.12792796
1760637386201858161,-21.059036,-16.950607,-7.730484,-0.041992184,-0.3310547,0.86132807,-3.951951,-26.046818,14.107247,0.96537524,-0.21938539,-0.060995307,0.1272798
1760637386212497161,-20.38765,-14.383316,-6.7539215,-0.043945305,-0.36621094,0.8911132,-4.083738,-26.193684,14.019017,0.96510965,-0.22052625,-0.0620787,0.12679757
1760637386223136161,-17.030716,-11.762619,-6.204605,-0.016113278,-0.3564453,0.84912103,-4.1888704,-26.335392,13.939234,0.9648564,-0.22164944,-0.06294648,0.12633751
1760637386233806161,-14.039993,-9.443283,-5.9604645,0.024414062,-0.36914062,0.8476562,-4.3724523,-26.543907,13.808327,0.96447736,-0.22327946,-0.06443615,0.12560733
1760637386244474161,-12.636185,-7.3070526,-6.7539215,0.02587891,-0.3935547,0.9492187,-4.4361167,-26.620098,13.717153,0.96438646,-0.22390392,-0.06486571,0.124970585
1760637386255142161,-10.438919,-5.475998,-6.570816,-0.008300781,-0.45263672,1.0048828,-4.517667,-26.700794,13.607365,0.9642951,-0.22455825,-0.0654123,0.12421351
1760637386263149161,-6.471634,-6.33049,-7.1811676,0.09326172,-0.4946289,0.85888666,-4.5845056,-26.762083,13.4828205,0.9642662,-0.22507426,-0.06578684,0.12330255
1760637386271154161,-8.853912,-3.276825,-8.951187,0.1381836,-0.5415039,0.86132807,-4.681965,-26.843754,13.361561,0.96417266,-0.22572844,-0.0664427,0.12248245
1760637386279159161,-10.807037,1.3008118,-11.880875,0.16601562,-0.5859375,0.9262695,-4.7808576,-26.95943,13.210074,0.9640383,-0.22668688,-0.067079514,0.12141623
1760637386287164161,-11.415482,2.5806427,-15.420914,0.17822266,-0.6098633,1.1176758,-4.824142,-27.045654,13.041142,0.9640135,-0.22746739,-0.06718516,0.12009128
1760637386297819161,-13.85498,3.2539368,-17.98439,0.13720703,-0.60839844,1.5512695,-4.8772063,-27.140532,12.820985,0.9640151,-0.22834137,-0.06727612,0.11835675
1760637386308474161,-12.6953125,6.549835,-17.98439,0.10058594,-0.69384766,1.8784178,-4.928547,-27.248207,12.556177,0.9640324,-0.2293522,-0.06727064,0.11624597
1760637386319129161,-9.403229,6.6108704,-15.909195,0.10253906,-0.79785156,1.748535,-4.9484243,-27.34267,12.343201,0.9640383,-0.23025359,-0.06708921,0.11450735
1760637386329797161,-3.419876,4.4727325,-14.5664215,0.14355469,-0.6660156,1.4404297,-4.9861884,-27.408798,12.030465,0.9641871,-0.23095664,-0.066831164,0.111961834
1760637386340468161,0.7305145,10.026932,-12.308121,0.18896484,-0.6040039,1.1660156,-4.9422655,-27.389748,11.908414,0.964371,-0.23090951,-0.06620046,0.110843405
1760637386351139161,3.2310486,12.042999,-10.904312,0.20996094,-0.66552734,1.0380859,-4.882273,-27.354395,11.809485,0.96457464,-0.23072593,-0.06546843,0.10988468
1760637386359130161,-2.7484894,3.8013458,-9.317398,0.23730469,-0.7495117,1.6044922,-4.8718586,-27.34997,11.701277,0.9646931,-0.23076022,-0.06515942,0.10895215
1760637386367123161,0.7305145,11.369705,-6.570816,0.25195312,-0.8720703,1.3320312,-4.863553,-27.368965,11.601685,0.9647525,-0.23098487,-0.06490352,0.108099796
1760637386375116161,6.160736,8.869171,-7.730484,0.28027344,-0.71777344,0.95507807,-4.790576,-27.339315,11.528179,0.9649245,-0.23084466,-0.0641182,0.107329465
1760637386383109161,-2.1400452,4.3525696,-7.2422028,0.36914062,-0.6425781,0.8793945,-4.757318,-27.289146,11.462816,0.9651081,-0.23048869,-0.06366823,0.10670473
1760637386393802161,-17.152786,2.462387,-7.791519,0.37646484,-0.73779297,1.1181641,-4.764619,-27.336758,11.38859,0.9650743,-0.23092505,-0.06361641,0.106101274
1760637386404495161,-25.27237,4.535675,-8.2798,0.3149414,-0.84521484,1.3813477,-4.781264,-27.505213,11.23567,0.9648536,-0.232416,-0.063573614,0.10487208
1760637386415188161,-25.76065,3.742218,-8.15773,0.30664062,-0.8408203,1.4150391,-4.78971,-27.723614,11.11346,0.9645004,-0.2343184,-0.063556984,0.10389312
1760637386425832161,-26.123047,3.9253235,-7.425308,0.3486328,-0.79541016,1.2841797,-4.8092413,-28.174303,10.808593,0.963803,-0.23826946,-0.06341728,0.101436764
1760637386436477161,-29.05655,8.25882,-6.937027,0.36572266,-0.7763672,1.1958008,-4.7715197,-28.432768,10.667749,0.96339065,-0.24055807,-0.06298734,0.10021305
1760637386447122161,-32.96089,12.6514435,-6.875992,0.32421875,-0.7788086,1.2260742,-4.6997757,-28.719538,10.561467,0.9628987,-0.24309367,-0.062358763,0.09921103
1760637386457784161,-28.690338,21.930695,-6.3266754,0.2788086,-0.8100586,1.184082,-4.58928,-28.993282,10.471872,0.9624347,-0.24554138,-0.061427318,0.09826162
1760637386468448161,-25.392532,26.140213,-6.4487457,0.25146484,-0.77490234,1.0854492,-4.427299,-29.232203,10.378897,0.9620712,-0.2477388,-0.060029685,0.097163714
1760637386479112161,-22.706985,27.36473,-6.204605,0.20214844,-0.75341797,1.059082,-4.234002,-29.445568,10.273686,0.96178424,-0.24975023,-0.058322933,0.09588632
1760637386487112161,-19.289017,25.2285,-5.2890778,0.13427734,-0.7524414,1.0322266,-3.8398185,-29.79,10.063273,0.96137863,-0.25307453,-0.054783948,0.09328973
1760637386495114161,-13.185501,27.059555,-4.0073395,0.16845703,-0.6743164,0.9833984,-3.6175392,-29.89919,9.939518,0.9613359,-0.2542295,-0.052717477,0.09176794
1760637386503116161,-10.744095,27.971268,-2.9697418,0.067871094,-0.6352539,0.8989257,-3.4026444,-30.000818,9.863962,0.96126264,-0.25528842,-0.050813675,0.09066272
1760637386511118161,-5.558014,23.090363,-1.6269684,0.075683594,-0.6010742,0.8305664,-3.233269,-30.081976,9.841054,0.96117026,-0.2561137,-0.049395226,0.09009659
1760637386521796161,-3.0517578,22.907257,-0.5893707,0.09082031,-0.54296875,0.77050775,-3.0470374,-30.145689,9.778707,0.96115285,-0.2568209,-0.047735576,0.089159146
1760637386532474161,-1.5296936,23.334503,1.0585785,0.047851566,-0.52685547,0.71875,-2.8395412,-30.15375,9.760287,0.96123356,-0.25705698,-0.04595911,0.08853957
1760637386543152161,0.85258484,21.501541,1.7299652,0.060546875,-0.4970703,0.6713867,-2.6427264,-30.146614,9.794094,0.96130127,-0.25713566,-0.044379212,0.08838154
1760637386553851161,1.7662048,18.634796,3.7441254,0.018554691,-0.43554688,0.6142578,-2.446756,-30.133389,9.832814,0.9613761,-0.2571609,-0.042813186,0.0882667
1760637386564550161,3.414154,16.376495,4.720688,0.015136719,-0.4111328,0.63964844,-2.2678657,-30.116615,9.882034,0.961442,-0.25713974,-0.041411407,0.08827858
1760637386575249161,5.8555603,16.07132,6.5517426,0.008789066,-0.37939453,0.6220703,-2.0979433,-30.082169,9.948701,0.9615292,-0.25695777,-0.04011161,0.08845802
1760637386585874161,8.909225,14.970779,7.2841644,-0.0087890625,-0.35595703,0.6069336,-1.7535275,-29.940996,10.125645,0.9618277,-0.25597897,-0.03751845,0.08918007
1760637386596500161,12.386322,12.775421,8.260727,-0.0083007775,-0.31835938,0.57910156,-1.597484,-29.827076,10.218075,0.96206266,-0.25511402,-0.03633326,0.089616746
1760637386607126161,15.195847,11.1866,9.542465,0.0014648438,-0.296875,0.56152344,-1.4464556,-29.689793,10.316116,0.96234083,-0.25404844,-0.0351834,0.09011667
1760637386615132161,20.809174,11.798859,10.702133,-0.011230465,-0.25146484,0.53808594,-1.2871418,-29.525778,10.430378,0.96266454,-0.2527613,-0.033977196,0.09074073
1760637386623139161,21.60263,13.568878,10.946274,-0.011718746,-0.22949219,0.5263672,-1.123403,-29.341406,10.536129,0.9630368,-0.25131065,-0.032696106,0.09129022
1760637386631146161,22.884369,14.362335,10.885239,-0.0009765588,-0.21972656,0.5209961,-0.94761634,-29.149492,10.650368,0.96341693,-0.24980536,-0.031322494,0.09189057
1760637386639153161,22.212982,16.31546,10.396957,0.004394535,-0.20605469,0.5073242,-0.7617437,-28.951593,10.776496,0.96379745,-0.24825653,-0.029880729,0.09257527
1760637386649814161,20.748138,16.498566,9.725571,0.001953125,-0.20800781,0.5253906,-0.56440157,-28.761919,10.907843,0.9641526,-0.24678716,-0.028355282,0.09328366
1760637386660475161,18.491745,17.900467,9.054184,0.00048828125,-0.1772461,0.5317383,-0.3680133,-28.584236,11.045691,0.96446997,-0.24541894,-0.026856555,0.094052546
1760637386671136161,15.745163,17.900467,7.894516,0.0009765662,-0.19189453,0.5361328,-0.170681,-28.42744,11.143572,0.96476996,-0.24423897,-0.025277149,0.09448436
1760637386681809161,12.386322,17.292023,7.46727,-0.018066406,-0.19238281,0.5595703,0.20739388,-28.192898,11.337245,0.9651861,-0.24253686,-0.02231028,0.095361605
1760637386692484161,9.7026825,15.890121,7.162094,0.0,-0.1928711,0.57177734,0.37326863,-28.114166,11.406528,0.96532583,-0.24199887,-0.02099307,0.09561276
1760637386703159161,7.1372986,12.592316,6.9179535,-0.030273434,-0.18261719,0.57910156,0.5115576,-28.055447,11.48519,0.9654078,-0.24160573,-0.019943994,0.095997885
1760637386713829161,5.4302216,6.7920685,7.7114105,-0.054199215,-0.19482422,0.6142578,0.6316555,-28.00523,11.595786,0.9654408,-0.24126492,-0.019121926,0.09668941
1760637386724498161,6.893158,4.4136047,8.810043,0.0,-0.2084961,0.59472656,0.72136927,-27.953707,11.712116,0.965465,-0.24088788,-0.018565876,0.09749438
1760637386735167161,5.918503,3.6792755,9.35936,-0.0126953125,-0.19384766,0.5888672,0.80338734,-27.893349,11.833003,0.96550095,-0.2404303,-0.018075459,0.098357074
1760637386743158161,5.1841736,-1.0795593,9.847641,-0.027832028,-0.22070312,0.6245117,0.89778346,-27.796011,12.115987,0.96547276,-0.23964816,-0.0177854,0.10057102
1760637386751149161,4.1484833,-3.5800934,11.25145,0.023437504,-0.2314453,0.6933594,0.9247618,-27.760077,12.280099,0.9654066,-0.23934385,-0.017868163,0.1019077
1760637386759140161,2.8038025,-1.1405945,11.6176605,0.028320316,-0.24121092,0.7504882,0.9718975,-27.736908,12.403137,0.965352,-0.23917176,-0.017706463,0.10285265
1760637386767131161,1.1577606,-0.22697449,11.922836,0.0073242188,-0.2578125,0.7749023,1.0211658,-27.727594,12.537063,0.96525806,-0.23911718,-0.017562188,0.1038808
1760637386777883161,-0.4901886,-2.42424,11.800766,0.019042972,-0.27441406,0.8125,1.0546894,-27.732994,12.691686,0.9651111,-0.2391695,-0.017607639,0.105111554
1760637386788635161,-1.7719269,-2.1800995,11.800766,0.05126953,-0.28222656,0.86474603,1.0594281,-27.681387,12.798638,0.96511996,-0.23872292,-0.017741226,0.106018424
1760637386799387161,-2.2602081,-1.2645721,10.885239,0.030273438,-0.2919922,0.8974609,1.0791671,-27.63079,12.861424,0.96516925,-0.23830563,-0.01765678,0.10652192
1760637386809977161,-1.832962,-1.7528534,10.030746,0.023925785,-0.34716797,0.9492187,1.093475,-27.584534,12.991113,0.9651456,-0.23790956,-0.017760716,0.107599035
1760637386820567161,-0.5531311,-1.3847351,9.969711,0.019042972,-0.36523438,0.91357416,1.1041994,-27.544413,13.117303,0.96511066,-0.2375623,-0.017892744,0.10865232
1760637386831157161,-0.3681183,-1.9359589,9.725571,0.017089847,-0.36279297,0.8632812,1.117417,-27.507698,13.228784,0.96508193,-0.23724839,-0.017975958,0.10957558
1760637386841827161,-1.1634827,-2.6054382,10.091782,-0.019042965,-0.39746094,0.8740234,1.1534113,-27.47535,13.45978,0.96493113,-0.23697446,-0.018118296,0.11145687
1760637386852495161,-0.9174347,-3.8280487,10.580063,-0.03857421,-0.44921875,0.9179687,1.1826566,-27.470055,13.612403,0.9647974,-0.23693435,-0.018182246,0.11268324
